zone_id,latitude,longitude,vegetation_index,soil_degradation,rainfall,water_availability,land_use_change,habitat_quality,biodiversity_index,human_pressure,elevation,slope,forest_cover,drought_index,data_source
ECO-0001,28.896813,69.79983,72.47,39.74,59.93,57.32,22.34,64.33,33.37,35.41,2058.5,31.91,6.27,67.0,SYNTHETIC_DEMO
ECO-0002,19.849718,81.289599,79.06,25.62,57.58,60.12,0.0,69.08,43.98,0.0,389.2,11.31,36.02,75.95,SYNTHETIC_DEMO
ECO-0003,31.182144,71.741872,80.3,49.0,34.66,22.69,42.26,72.95,40.53,40.72,480.4,8.98,7.83,90.34,SYNTHETIC_DEMO
ECO-0004,26.828937,72.417475,100.0,39.09,50.67,46.26,20.16,65.24,45.05,32.77,1127.0,0.0,35.06,60.69,SYNTHETIC_DEMO
ECO-0005,10.542788,86.336202,92.3,17.81,20.8,12.01,3.59,91.24,53.77,22.63,981.6,19.07,23.74,100.0,SYNTHETIC_DEMO
ECO-0006,34.341803,79.394894,66.88,37.8,45.77,69.73,19.03,72.0,50.5,43.94,1185.4,22.44,20.29,55.16,SYNTHETIC_DEMO
ECO-0007,28.550772,94.733721,69.86,38.14,46.84,27.65,10.66,95.59,56.37,32.43,739.2,9.58,43.93,79.3,SYNTHETIC_DEMO
ECO-0008,29.223736,77.255538,94.11,16.79,19.0,1.41,1.06,100.0,44.87,0.0,942.4,19.08,32.78,92.33,SYNTHETIC_DEMO
ECO-0009,11.459068,89.059224,92.32,3.01,13.94,3.97,0.0,100.0,37.41,4.84,1297.2,22.6,26.77,88.31,SYNTHETIC_DEMO
ECO-0010,20.16042,81.371883,81.0,36.46,49.83,47.96,28.09,82.54,55.14,43.92,2090.1,27.92,24.01,88.74,SYNTHETIC_DEMO
ECO-0011,18.011547,87.138588,100.0,11.69,32.53,18.01,7.49,100.0,52.87,0.0,2179.4,39.05,26.69,75.05,SYNTHETIC_DEMO
ECO-0012,33.022655,85.391165,100.0,23.22,56.96,50.22,32.73,86.16,78.12,26.03,2246.9,27.37,54.2,44.09,SYNTHETIC_DEMO
ECO-0013,25.384358,81.710735,100.0,6.67,51.42,63.34,4.69,100.0,81.47,13.63,1932.5,28.7,46.14,58.31,SYNTHETIC_DEMO
ECO-0014,30.214564,95.551772,93.16,31.7,67.97,37.4,27.62,95.6,78.86,24.53,2525.8,37.1,25.87,60.53,SYNTHETIC_DEMO
ECO-0015,19.972183,77.938696,77.98,29.43,55.1,19.26,9.51,98.09,42.31,14.71,1465.0,17.85,15.06,90.96,SYNTHETIC_DEMO
ECO-0016,14.135445,73.13983,99.96,18.48,32.87,56.09,1.52,89.63,64.66,11.24,1656.7,26.37,35.31,70.39,SYNTHETIC_DEMO
ECO-0017,22.973789,87.664728,100.0,3.18,48.98,63.84,6.26,85.73,68.91,29.88,1219.6,24.85,51.09,54.39,SYNTHETIC_DEMO
ECO-0018,9.723066,92.534219,100.0,19.67,3.69,0.0,0.0,100.0,63.5,7.6,789.6,18.08,26.52,94.21,SYNTHETIC_DEMO
ECO-0019,30.346042,69.167358,89.85,47.03,22.19,11.52,23.17,81.32,46.58,31.46,1350.3,23.87,32.96,84.26,SYNTHETIC_DEMO
ECO-0020,25.054939,81.039348,75.53,28.92,31.09,14.97,8.95,85.91,59.79,12.16,315.1,0.0,21.75,99.13,SYNTHETIC_DEMO
ECO-0021,28.468369,93.882143,67.47,50.6,34.18,21.21,8.13,74.49,43.15,27.65,2623.5,32.67,9.04,87.02,SYNTHETIC_DEMO
ECO-0022,17.572201,89.73894,100.0,16.46,55.52,52.67,21.16,98.21,63.17,9.17,356.3,6.18,40.22,55.85,SYNTHETIC_DEMO
ECO-0023,34.208847,96.762424,98.37,11.42,44.66,21.85,0.0,100.0,43.96,4.55,2218.1,33.1,55.26,88.92,SYNTHETIC_DEMO
ECO-0024,32.11427,83.411001,100.0,9.42,33.46,45.27,0.0,84.65,62.55,17.28,2674.7,37.63,27.49,71.12,SYNTHETIC_DEMO
ECO-0025,29.016354,87.139876,91.53,43.54,21.35,22.41,26.23,78.67,47.02,14.37,1442.3,31.16,21.76,100.0,SYNTHETIC_DEMO
ECO-0026,13.255245,76.771928,98.05,32.58,14.3,11.42,6.8,88.78,57.21,2.12,117.9,2.3,36.18,100.0,SYNTHETIC_DEMO
ECO-0027,20.601467,95.478532,76.89,44.76,0.0,28.88,42.73,87.36,50.45,39.66,1082.2,18.94,16.44,100.0,SYNTHETIC_DEMO
ECO-0028,9.182702,78.623729,100.0,14.95,43.87,54.57,5.89,100.0,65.41,0.0,859.2,17.83,34.01,65.3,SYNTHETIC_DEMO
ECO-0029,12.165816,89.416811,100.0,32.55,27.38,34.72,13.16,69.72,51.48,19.95,2666.9,40.28,41.15,74.82,SYNTHETIC_DEMO
ECO-0030,26.442322,79.691066,88.52,22.53,35.91,21.98,25.94,95.66,62.47,22.54,1903.5,41.51,32.88,87.47,SYNTHETIC_DEMO
ECO-0031,28.108578,84.292749,100.0,8.79,60.12,52.81,6.7,100.0,60.91,6.8,2240.5,28.91,49.06,54.44,SYNTHETIC_DEMO
ECO-0032,34.122763,88.873694,95.49,27.48,16.05,4.26,26.39,74.63,32.35,44.39,1232.0,15.45,19.19,82.51,SYNTHETIC_DEMO
ECO-0033,16.797285,82.75909,92.44,27.67,0.0,9.86,12.31,68.51,51.89,0.0,1842.9,22.93,25.6,98.4,SYNTHETIC_DEMO
ECO-0034,18.002412,94.305503,84.71,24.59,1.79,0.0,22.32,88.79,42.03,42.94,2203.8,40.87,26.95,96.11,SYNTHETIC_DEMO
ECO-0035,20.678007,80.159729,100.0,3.05,76.08,63.37,10.97,100.0,51.61,3.33,368.6,9.54,37.28,55.56,SYNTHETIC_DEMO
ECO-0036,13.115727,86.765082,89.84,36.02,11.19,49.33,30.93,89.67,46.2,39.43,506.3,4.87,37.0,71.74,SYNTHETIC_DEMO
ECO-0037,11.507881,77.928511,87.03,49.65,52.34,43.86,33.5,57.59,48.04,28.57,3.0,0.0,34.48,86.81,SYNTHETIC_DEMO
ECO-0038,20.844033,79.836543,98.7,26.18,0.0,9.92,0.0,100.0,53.76,10.86,886.1,20.22,32.29,86.28,SYNTHETIC_DEMO
ECO-0039,14.126552,80.761453,92.71,49.31,25.17,28.88,28.13,59.93,21.67,28.69,2085.2,33.09,26.03,87.19,SYNTHETIC_DEMO
ECO-0040,26.084978,71.648404,62.46,44.67,29.83,48.88,32.79,68.19,38.59,34.86,2026.1,37.44,25.6,51.74,SYNTHETIC_DEMO
ECO-0041,19.803102,70.659987,95.65,20.24,42.52,37.87,6.48,92.58,67.17,0.0,1336.0,19.74,49.12,82.04,SYNTHETIC_DEMO
ECO-0042,30.482311,87.357208,86.58,46.89,96.08,71.02,42.35,84.74,51.8,38.59,2562.9,41.0,40.87,53.25,SYNTHETIC_DEMO
ECO-0043,26.907158,87.010014,82.73,43.01,22.28,64.5,10.44,92.8,54.52,35.32,289.2,5.84,13.9,58.39,SYNTHETIC_DEMO
ECO-0044,16.433899,87.224382,95.62,45.35,35.9,45.68,49.62,77.29,62.0,42.25,33.1,0.0,19.07,92.68,SYNTHETIC_DEMO
ECO-0045,30.471015,68.573227,75.09,50.94,23.46,57.5,37.85,49.86,49.18,56.66,2872.5,42.37,21.91,69.24,SYNTHETIC_DEMO
ECO-0046,29.728638,77.469858,100.0,0.0,73.22,72.71,4.66,100.0,74.97,13.72,2711.2,34.75,44.83,32.66,SYNTHETIC_DEMO
ECO-0047,18.461916,73.736486,91.68,36.62,30.73,29.86,12.87,94.24,28.08,13.32,1620.7,26.78,44.37,100.0,SYNTHETIC_DEMO
ECO-0048,15.784859,90.566391,70.94,47.44,44.64,43.67,6.83,65.77,61.23,38.86,643.3,13.46,36.56,72.5,SYNTHETIC_DEMO
ECO-0049,26.427379,92.958282,100.0,8.79,52.71,59.65,3.74,82.73,65.37,6.88,2696.5,45.4,39.32,40.84,SYNTHETIC_DEMO
ECO-0050,11.773317,75.153731,100.0,7.33,30.92,22.68,15.12,100.0,82.1,16.22,1742.5,29.47,30.71,84.67,SYNTHETIC_DEMO
ECO-0051,13.397521,87.367626,71.94,55.39,35.94,53.66,45.54,60.95,37.31,47.33,1381.2,20.08,12.73,64.32,SYNTHETIC_DEMO
ECO-0052,8.198781,71.751521,93.01,2.6,30.59,6.34,0.0,95.72,35.31,1.34,567.3,16.27,32.13,93.13,SYNTHETIC_DEMO
ECO-0053,29.246958,75.979423,100.0,20.83,39.47,25.28,0.0,87.56,57.82,0.0,1740.3,30.57,33.87,84.14,SYNTHETIC_DEMO
ECO-0054,25.950973,72.02098,95.35,49.32,31.71,66.25,14.77,75.26,51.49,34.07,2452.9,43.74,35.9,68.79,SYNTHETIC_DEMO
ECO-0055,27.039465,76.222102,100.0,22.09,62.78,41.32,31.86,94.6,66.06,4.1,2618.3,46.53,30.63,89.61,SYNTHETIC_DEMO
ECO-0056,29.079684,87.56736,86.17,25.13,34.13,37.56,7.94,71.51,58.7,36.65,1431.0,20.84,7.06,75.62,SYNTHETIC_DEMO
ECO-0057,20.390726,94.39948,70.83,47.53,60.15,54.8,52.88,81.93,47.59,62.91,1528.3,24.86,1.65,84.98,SYNTHETIC_DEMO
ECO-0058,23.356012,73.87315,76.0,33.23,29.01,13.71,10.88,96.27,46.99,29.15,1936.0,32.91,11.15,100.0,SYNTHETIC_DEMO
ECO-0059,11.774519,83.720292,89.13,11.11,12.05,26.17,4.39,99.67,59.56,3.51,1383.4,15.01,26.56,100.0,SYNTHETIC_DEMO
ECO-0060,11.092312,88.340342,92.88,1.01,24.66,8.84,9.13,100.0,53.36,0.0,1077.3,10.53,37.02,99.05,SYNTHETIC_DEMO
ECO-0061,26.04688,95.634752,67.96,48.63,37.87,59.93,29.69,67.85,39.92,35.69,397.9,0.0,5.21,78.58,SYNTHETIC_DEMO
ECO-0062,20.719598,85.691754,87.86,21.59,52.17,40.03,27.05,85.53,62.41,34.12,0.0,0.0,22.37,79.63,SYNTHETIC_DEMO
ECO-0063,23.261375,75.398101,69.09,31.33,24.88,18.81,23.04,87.45,58.55,16.7,2374.0,33.94,10.33,69.32,SYNTHETIC_DEMO
ECO-0064,28.654969,86.138867,100.0,0.0,64.18,71.99,7.78,92.61,72.45,0.0,486.2,0.12,37.5,50.85,SYNTHETIC_DEMO
ECO-0065,25.137395,77.294244,92.88,35.36,25.8,16.25,13.22,89.52,52.13,29.23,138.4,2.82,25.21,96.7,SYNTHETIC_DEMO
ECO-0066,22.946644,96.307723,88.72,30.13,26.85,28.03,40.83,55.33,21.84,58.33,2585.2,38.3,14.36,98.39,SYNTHETIC_DEMO
ECO-0067,23.098593,79.590608,81.41,27.45,45.21,40.45,36.16,74.35,45.27,42.11,1911.8,34.59,30.1,84.14,SYNTHETIC_DEMO
ECO-0068,16.206653,87.877404,67.75,51.78,11.25,0.0,37.51,79.53,35.04,54.86,99.6,11.56,0.0,100.0,SYNTHETIC_DEMO
ECO-0069,8.832082,68.6736,100.0,16.81,46.57,54.37,26.36,98.94,60.7,26.32,673.3,12.38,37.94,59.8,SYNTHETIC_DEMO
ECO-0070,19.79137,79.601782,86.25,35.24,25.09,34.66,13.61,87.99,45.73,22.75,2204.4,29.58,22.46,75.74,SYNTHETIC_DEMO
ECO-0071,13.793786,93.378121,73.39,61.83,0.0,16.81,41.72,48.55,32.87,19.88,1000.1,18.23,15.21,100.0,SYNTHETIC_DEMO
ECO-0072,19.030273,85.696596,100.0,17.07,46.53,52.32,20.58,83.86,49.4,21.3,1144.6,17.22,39.26,42.48,SYNTHETIC_DEMO
ECO-0073,31.041883,80.874344,100.0,20.51,47.15,68.26,0.0,100.0,50.35,17.4,1746.0,24.99,50.05,65.55,SYNTHETIC_DEMO
ECO-0074,14.316366,95.142187,77.7,47.1,62.84,45.7,35.43,71.21,60.25,38.18,604.2,4.75,11.72,75.92,SYNTHETIC_DEMO
ECO-0075,9.574174,92.765547,98.21,7.11,55.77,55.7,13.99,70.74,44.77,15.89,1811.5,24.85,39.22,64.15,SYNTHETIC_DEMO
ECO-0076,15.597365,77.344255,83.23,42.67,67.55,52.54,12.56,86.51,55.83,13.47,554.8,7.43,27.51,53.94,SYNTHETIC_DEMO
ECO-0077,15.927031,83.791904,59.63,43.94,0.0,13.23,43.81,65.68,47.53,35.62,1278.2,23.19,0.0,95.51,SYNTHETIC_DEMO
ECO-0078,25.871746,82.204903,98.54,16.57,51.61,45.52,8.21,100.0,69.89,27.07,640.8,12.17,39.38,47.41,SYNTHETIC_DEMO
ECO-0079,23.039868,86.333873,88.88,22.1,41.58,32.75,11.49,88.77,62.89,32.52,450.7,15.89,48.08,74.8,SYNTHETIC_DEMO
ECO-0080,29.165252,77.689227,100.0,11.09,19.95,24.29,0.4,86.18,56.56,1.28,410.2,9.52,31.56,86.75,SYNTHETIC_DEMO
ECO-0081,25.936466,75.081945,100.0,23.42,21.57,10.2,12.81,82.4,59.18,20.41,2493.1,39.52,29.47,82.66,SYNTHETIC_DEMO
ECO-0082,18.972445,94.467483,85.19,25.49,8.88,0.0,5.55,88.54,62.73,0.0,495.0,5.89,17.02,95.69,SYNTHETIC_DEMO
ECO-0083,29.97855,94.79236,88.82,24.93,17.27,39.5,26.88,85.65,58.74,37.66,1232.8,13.3,15.7,71.36,SYNTHETIC_DEMO
ECO-0084,12.508269,92.456364,98.02,10.73,66.11,56.76,0.2,74.48,36.29,24.88,565.3,5.63,36.1,77.41,SYNTHETIC_DEMO
ECO-0085,8.613226,96.367928,85.18,31.62,51.83,49.83,52.41,73.67,45.72,19.56,1944.2,25.66,24.13,57.66,SYNTHETIC_DEMO
ECO-0086,10.431292,89.604754,88.88,14.59,22.57,21.96,0.0,100.0,62.35,15.18,856.4,0.04,27.34,89.87,SYNTHETIC_DEMO
ECO-0087,27.503702,90.17535,95.92,29.14,7.17,19.27,7.2,93.68,47.86,20.68,2633.8,34.46,27.74,83.13,SYNTHETIC_DEMO
ECO-0088,20.470685,90.115113,88.33,31.53,16.09,38.95,8.9,100.0,72.82,20.57,1629.2,32.45,17.56,74.71,SYNTHETIC_DEMO
ECO-0089,12.354338,81.937621,92.38,37.62,38.33,34.98,46.63,60.57,46.1,52.09,1409.8,22.99,21.19,83.44,SYNTHETIC_DEMO
ECO-0090,21.528209,81.237114,97.26,30.38,79.84,55.38,3.54,72.71,56.17,39.55,1398.6,19.1,42.51,54.33,SYNTHETIC_DEMO
ECO-0091,12.112427,74.966562,96.55,19.71,61.31,60.54,17.42,100.0,74.13,14.73,0.0,1.99,28.82,57.24,SYNTHETIC_DEMO
ECO-0092,26.80065,86.699757,71.68,36.33,39.84,65.3,36.57,69.81,46.2,46.32,2898.9,33.72,18.94,65.73,SYNTHETIC_DEMO
ECO-0093,20.046219,76.390284,96.66,28.03,58.0,46.48,23.86,84.96,59.92,27.3,2647.8,41.13,37.49,56.88,SYNTHETIC_DEMO
ECO-0094,18.287573,75.476444,100.0,8.65,65.1,58.83,19.85,89.2,70.4,5.21,810.1,18.54,38.93,59.0,SYNTHETIC_DEMO
ECO-0095,16.140826,84.99288,76.04,44.78,39.3,26.47,47.26,68.11,29.37,45.8,1529.7,22.34,18.33,84.84,SYNTHETIC_DEMO
ECO-0096,25.01763,79.889489,100.0,30.09,16.7,2.26,7.48,83.12,47.56,21.54,583.1,0.0,16.69,100.0,SYNTHETIC_DEMO
ECO-0097,17.76894,74.346842,100.0,12.99,0.0,0.0,3.3,100.0,64.13,4.22,1577.9,21.6,42.58,99.6,SYNTHETIC_DEMO
ECO-0098,10.366548,91.665624,84.95,18.1,35.01,32.77,0.93,100.0,55.8,11.11,1905.2,34.97,28.62,88.22,SYNTHETIC_DEMO
ECO-0099,11.186159,92.956528,97.02,0.41,12.18,4.52,5.78,100.0,71.5,1.19,2709.7,41.94,35.79,94.13,SYNTHETIC_DEMO
ECO-0100,33.971237,72.863286,98.56,23.62,0.75,0.0,0.62,92.78,38.41,5.07,1233.7,11.41,41.27,97.4,SYNTHETIC_DEMO
ECO-0101,32.531679,68.217704,80.8,31.3,57.46,62.16,27.17,49.12,27.57,25.53,2128.8,43.77,25.0,63.47,SYNTHETIC_DEMO
ECO-0102,26.892093,77.747769,100.0,17.0,25.35,12.56,0.0,87.27,60.83,8.37,1810.9,20.89,30.37,87.96,SYNTHETIC_DEMO
ECO-0103,15.178489,91.127814,90.53,47.0,39.8,52.71,33.71,88.29,67.37,41.52,627.4,8.2,40.92,48.65,SYNTHETIC_DEMO
ECO-0104,34.167762,92.336042,80.31,39.07,54.74,47.34,18.78,55.58,42.43,50.09,2019.0,25.1,35.51,57.93,SYNTHETIC_DEMO
ECO-0105,29.026274,72.011543,95.43,22.62,51.55,41.03,23.4,78.54,57.83,19.19,1896.6,23.27,25.34,57.14,SYNTHETIC_DEMO
ECO-0106,27.356035,90.455741,100.0,52.15,44.02,43.0,12.6,84.59,64.59,24.53,2115.2,29.47,30.02,91.1,SYNTHETIC_DEMO
ECO-0107,20.132761,71.355421,79.8,45.18,12.34,23.38,19.51,90.69,42.33,47.02,2747.2,44.39,26.99,70.34,SYNTHETIC_DEMO
ECO-0108,15.350522,79.311815,72.09,49.82,27.11,38.08,50.48,60.54,35.58,45.64,561.8,14.88,14.45,91.28,SYNTHETIC_DEMO
ECO-0109,10.602556,96.959676,100.0,17.74,30.1,25.46,17.83,90.58,55.94,16.64,613.7,7.27,35.73,86.65,SYNTHETIC_DEMO
ECO-0110,32.370265,73.585134,100.0,4.68,46.5,67.18,17.19,100.0,73.42,7.34,999.8,9.95,52.05,62.73,SYNTHETIC_DEMO
ECO-0111,20.30596,72.464944,82.06,23.42,35.69,14.94,36.46,78.57,35.44,37.57,737.3,13.45,18.37,69.16,SYNTHETIC_DEMO
ECO-0112,13.463811,80.26121,83.83,41.18,18.0,18.24,13.36,78.65,45.12,35.05,1461.7,24.47,25.86,91.61,SYNTHETIC_DEMO
ECO-0113,16.260829,85.970387,100.0,5.57,49.74,49.7,21.22,100.0,59.67,21.43,2204.4,34.27,42.06,78.09,SYNTHETIC_DEMO
ECO-0114,23.638928,95.054123,92.22,42.84,22.76,53.52,7.97,83.49,58.85,25.99,1342.6,21.52,20.13,80.22,SYNTHETIC_DEMO
ECO-0115,12.772865,96.443813,94.89,2.99,35.18,26.29,8.72,100.0,58.15,0.0,1718.8,25.22,31.78,72.02,SYNTHETIC_DEMO
ECO-0116,31.128586,70.019578,60.12,41.71,46.03,49.55,33.52,68.66,36.49,61.39,1428.6,21.92,6.76,59.7,SYNTHETIC_DEMO
ECO-0117,28.480027,72.001928,83.73,18.22,0.89,10.75,2.4,100.0,65.01,19.51,1298.9,18.57,33.84,81.97,SYNTHETIC_DEMO
ECO-0118,27.4255,90.931401,100.0,0.0,55.99,58.5,7.53,97.51,55.59,0.0,2410.3,41.51,52.0,77.45,SYNTHETIC_DEMO
ECO-0119,19.666512,75.848332,94.64,11.74,26.22,29.23,14.04,100.0,53.45,20.67,2006.4,41.24,41.02,83.26,SYNTHETIC_DEMO
ECO-0120,24.937339,93.660623,100.0,17.92,16.24,20.12,17.56,91.96,39.4,6.89,1051.1,16.66,37.81,87.88,SYNTHETIC_DEMO
ECO-0121,23.770645,87.240144,90.6,28.67,27.25,9.81,13.15,100.0,47.14,27.04,2703.3,40.52,31.97,98.02,SYNTHETIC_DEMO
ECO-0122,25.545858,71.243499,100.0,0.0,3.19,25.82,2.47,100.0,63.48,16.47,1737.7,27.34,41.55,69.18,SYNTHETIC_DEMO
ECO-0123,10.279997,92.143349,83.21,29.95,31.24,21.65,17.56,96.25,56.2,4.59,681.0,6.92,31.77,90.04,SYNTHETIC_DEMO
ECO-0124,19.2268,73.114335,96.75,21.67,54.75,45.7,10.28,100.0,64.72,15.08,1429.1,25.26,40.62,73.72,SYNTHETIC_DEMO
ECO-0125,9.123583,80.281366,94.54,37.04,34.92,14.75,19.48,100.0,61.05,25.89,1862.5,30.14,17.14,98.14,SYNTHETIC_DEMO
ECO-0126,21.337752,84.013363,94.4,26.91,22.41,10.42,16.36,100.0,76.41,44.01,970.7,12.46,21.91,89.38,SYNTHETIC_DEMO
ECO-0127,16.906253,82.522218,90.03,29.64,35.49,33.31,21.79,100.0,50.45,9.41,2290.5,38.87,24.62,59.56,SYNTHETIC_DEMO
ECO-0128,11.902153,87.898725,91.08,13.34,6.82,0.0,0.0,100.0,37.86,27.44,1474.8,22.22,36.11,93.56,SYNTHETIC_DEMO
ECO-0129,10.79188,86.927915,100.0,13.3,46.8,51.57,1.83,91.59,48.86,4.04,972.0,9.73,56.77,69.86,SYNTHETIC_DEMO
ECO-0130,23.866403,96.769218,100.0,0.0,72.91,58.44,0.0,100.0,57.4,0.0,2486.8,39.06,31.3,52.4,SYNTHETIC_DEMO
ECO-0131,12.60601,96.983235,93.52,2.63,23.9,37.72,10.81,90.34,45.01,8.51,1003.5,16.24,47.61,79.87,SYNTHETIC_DEMO
ECO-0132,32.978243,82.977323,86.02,29.83,65.59,51.51,45.0,68.91,52.13,37.04,1354.4,25.12,29.18,70.77,SYNTHETIC_DEMO
ECO-0133,23.688651,70.760774,63.26,58.6,31.59,8.99,35.45,67.35,49.53,34.36,547.4,12.37,11.9,100.0,SYNTHETIC_DEMO
ECO-0134,17.365485,89.107456,62.21,49.4,2.55,12.12,39.44,76.77,54.41,46.18,932.4,13.44,7.9,100.0,SYNTHETIC_DEMO
ECO-0135,23.954718,96.323258,93.95,31.01,32.11,31.28,26.12,75.17,58.29,33.66,1278.6,16.82,45.14,63.09,SYNTHETIC_DEMO
ECO-0136,8.615705,77.231465,79.51,14.52,34.21,67.32,1.01,78.89,72.57,23.81,515.1,7.73,30.29,75.69,SYNTHETIC_DEMO
ECO-0137,33.881099,81.375058,94.65,0.28,66.76,54.73,6.59,96.28,57.42,8.15,1714.3,27.53,28.57,61.27,SYNTHETIC_DEMO
ECO-0138,21.022193,80.318531,68.69,59.11,4.95,5.07,35.43,70.18,22.47,34.79,711.3,13.09,8.57,100.0,SYNTHETIC_DEMO
ECO-0139,29.133851,69.491155,83.3,47.7,59.49,58.04,0.3,82.46,63.86,30.59,762.2,12.94,29.64,53.85,SYNTHETIC_DEMO
ECO-0140,10.23371,87.495669,68.1,40.05,17.75,31.17,24.57,100.0,32.4,39.63,1915.8,28.28,10.87,100.0,SYNTHETIC_DEMO
ECO-0141,21.139775,78.246793,68.48,51.72,29.21,23.37,47.08,70.74,33.83,53.98,884.2,18.25,15.87,89.31,SYNTHETIC_DEMO
ECO-0142,21.249089,90.836452,86.7,38.14,14.14,19.93,27.23,81.77,53.14,24.18,1581.7,20.35,23.73,97.72,SYNTHETIC_DEMO
ECO-0143,33.321314,92.131482,98.14,41.74,53.3,71.56,30.86,62.34,52.17,21.28,1924.7,41.27,29.19,80.25,SYNTHETIC_DEMO
ECO-0144,23.436657,91.815693,68.03,50.87,0.94,18.27,41.84,67.26,35.91,32.91,1249.2,22.55,0.0,100.0,SYNTHETIC_DEMO
ECO-0145,20.784214,80.083314,100.0,25.91,42.17,60.04,12.95,86.72,47.48,15.94,374.0,0.0,38.1,75.25,SYNTHETIC_DEMO
ECO-0146,15.208343,77.324825,70.2,44.22,62.95,60.43,42.55,69.88,44.8,54.79,1084.5,17.19,17.22,73.39,SYNTHETIC_DEMO
ECO-0147,16.952363,89.715803,100.0,7.62,52.0,57.59,0.15,100.0,72.39,16.77,582.6,12.6,28.46,71.7,SYNTHETIC_DEMO
ECO-0148,22.058155,91.240294,78.22,52.45,50.49,34.34,39.22,58.45,44.41,63.4,1440.1,19.85,11.93,76.04,SYNTHETIC_DEMO
ECO-0149,19.850609,82.246466,95.02,37.74,47.36,79.06,21.38,94.7,52.45,35.32,2137.7,24.59,14.76,68.0,SYNTHETIC_DEMO
ECO-0150,8.583526,93.8979,100.0,9.71,7.47,7.73,15.9,98.45,43.9,13.75,1765.7,21.29,30.95,100.0,SYNTHETIC_DEMO
ECO-0151,30.309882,72.173352,79.65,43.39,0.68,12.05,41.24,77.24,35.0,17.89,1537.8,25.78,24.35,100.0,SYNTHETIC_DEMO
ECO-0152,32.196341,93.492995,100.0,6.0,58.78,42.06,15.0,100.0,64.91,7.92,3209.5,39.37,33.81,67.79,SYNTHETIC_DEMO
ECO-0153,11.786725,70.786762,78.72,36.58,17.28,32.35,26.07,82.13,51.29,23.96,11.1,0.0,23.08,83.06,SYNTHETIC_DEMO
ECO-0154,22.958976,72.45224,81.14,55.14,0.0,2.54,21.26,84.92,39.0,34.53,2266.8,36.69,37.06,100.0,SYNTHETIC_DEMO
ECO-0155,10.931545,83.48136,73.11,30.45,17.01,17.96,37.89,84.49,23.38,60.08,2003.1,28.93,27.96,93.19,SYNTHETIC_DEMO
ECO-0156,26.150483,69.958036,66.08,47.78,27.32,20.9,40.52,78.56,47.6,43.39,1802.9,23.56,12.03,100.0,SYNTHETIC_DEMO
ECO-0157,15.593312,69.531406,99.3,11.83,32.95,18.84,6.82,98.87,46.21,0.0,898.0,11.0,40.72,81.11,SYNTHETIC_DEMO
ECO-0158,25.804411,68.015044,94.25,26.09,14.9,7.95,4.18,100.0,61.02,15.74,956.7,7.0,17.37,100.0,SYNTHETIC_DEMO
ECO-0159,27.628855,80.653183,93.51,4.6,68.55,70.46,19.73,99.76,54.91,14.36,2444.0,39.08,25.6,49.39,SYNTHETIC_DEMO
ECO-0160,28.753482,90.464093,100.0,16.13,36.93,4.82,0.0,100.0,48.24,0.0,798.4,7.94,39.06,90.78,SYNTHETIC_DEMO
ECO-0161,10.909006,69.010312,100.0,17.17,50.62,65.69,22.03,73.15,58.3,42.26,2069.5,28.36,43.96,52.56,SYNTHETIC_DEMO
ECO-0162,32.73232,86.915471,86.53,23.38,53.65,68.65,25.09,87.65,81.15,25.04,1497.4,24.19,48.2,45.58,SYNTHETIC_DEMO
ECO-0163,14.215778,91.870692,84.95,24.39,1.62,11.14,32.31,99.05,59.87,24.01,1573.0,22.31,19.46,94.18,SYNTHETIC_DEMO
ECO-0164,9.010139,72.872025,95.72,23.72,32.66,55.79,22.61,63.93,51.62,16.48,1534.2,19.49,37.27,58.55,SYNTHETIC_DEMO
ECO-0165,22.981017,72.259048,75.24,63.27,46.8,38.47,20.67,72.87,50.27,35.17,779.3,1.74,19.03,88.52,SYNTHETIC_DEMO
ECO-0166,18.014902,92.963228,100.0,14.39,52.22,47.89,11.44,100.0,44.4,27.95,1404.6,22.91,38.9,55.58,SYNTHETIC_DEMO
ECO-0167,30.404323,91.870614,54.02,63.64,7.79,16.09,59.58,59.42,21.07,47.75,2352.6,35.68,1.89,100.0,SYNTHETIC_DEMO
ECO-0168,29.82279,83.629311,78.49,29.73,0.0,0.0,9.45,84.38,21.71,0.0,971.6,11.99,14.94,99.47,SYNTHETIC_DEMO
ECO-0169,16.56275,91.756796,62.3,28.95,35.99,11.5,16.54,80.74,57.86,39.8,2216.9,28.07,18.64,100.0,SYNTHETIC_DEMO
ECO-0170,33.728284,70.689926,87.17,29.64,30.49,38.12,33.65,80.89,67.38,26.98,2812.9,42.26,31.08,74.22,SYNTHETIC_DEMO
ECO-0171,15.854782,79.439964,99.07,27.8,89.64,61.31,20.93,86.18,64.42,23.28,177.7,5.07,37.6,49.58,SYNTHETIC_DEMO
ECO-0172,21.906542,89.396129,98.05,10.66,30.35,47.89,34.1,91.39,60.0,26.28,1432.9,21.98,44.57,69.64,SYNTHETIC_DEMO
ECO-0173,14.911057,75.466107,100.0,20.15,37.87,57.91,10.27,80.0,40.59,26.3,619.7,17.49,43.83,47.71,SYNTHETIC_DEMO
ECO-0174,33.273176,89.817539,100.0,2.64,41.12,74.37,0.0,100.0,62.65,13.54,1996.5,33.47,52.15,36.14,SYNTHETIC_DEMO
ECO-0175,12.444411,82.62118,100.0,21.61,51.51,45.57,24.56,91.33,77.1,13.52,2497.1,36.92,29.79,64.23,SYNTHETIC_DEMO
ECO-0176,9.212587,89.757714,74.47,36.12,0.0,9.62,11.67,100.0,50.33,12.08,2339.7,38.79,16.15,99.15,SYNTHETIC_DEMO
ECO-0177,19.747621,81.475709,100.0,27.68,45.01,65.55,12.5,87.45,54.26,21.21,2318.4,35.02,32.45,42.51,SYNTHETIC_DEMO
ECO-0178,34.79414,78.669226,74.14,57.99,7.17,23.36,32.06,73.78,26.73,52.08,1110.9,16.89,15.71,100.0,SYNTHETIC_DEMO
ECO-0179,32.075286,74.356487,81.64,14.99,17.02,0.0,22.1,90.84,61.51,7.11,1698.6,31.96,16.24,100.0,SYNTHETIC_DEMO
ECO-0180,28.212417,74.043001,54.19,47.54,39.27,29.85,46.96,55.88,34.68,38.55,831.8,7.99,17.4,88.05,SYNTHETIC_DEMO
ECO-0181,32.051397,89.793234,82.94,28.38,80.12,71.61,34.6,55.94,29.32,48.79,2455.4,36.95,33.66,53.3,SYNTHETIC_DEMO
ECO-0182,32.123059,71.4484,73.99,72.05,7.54,16.77,33.74,48.14,26.27,39.19,831.9,18.43,19.63,100.0,SYNTHETIC_DEMO
ECO-0183,22.009176,70.493488,99.07,49.43,33.74,25.27,41.62,60.12,34.94,35.66,1011.5,16.72,33.7,90.68,SYNTHETIC_DEMO
ECO-0184,16.530084,73.11245,98.41,19.21,3.53,0.0,45.47,100.0,55.02,8.77,195.1,1.08,32.04,89.92,SYNTHETIC_DEMO
ECO-0185,28.844336,73.085049,72.44,25.02,4.18,10.61,29.47,94.32,49.06,24.83,579.6,0.16,12.29,100.0,SYNTHETIC_DEMO
ECO-0186,25.864854,91.870121,82.96,17.68,6.91,1.21,9.5,82.78,41.35,0.0,966.7,3.15,40.78,90.16,SYNTHETIC_DEMO
ECO-0187,18.088759,79.556692,87.33,47.72,51.01,52.45,17.56,66.42,56.8,29.97,296.8,14.83,23.79,73.26,SYNTHETIC_DEMO
ECO-0188,10.5506,96.721265,76.27,28.55,68.21,69.49,17.63,67.67,48.8,28.31,2271.0,35.61,17.14,72.66,SYNTHETIC_DEMO
ECO-0189,28.16332,71.979126,97.83,30.35,27.86,0.24,7.41,95.29,65.1,13.88,2142.3,29.21,39.18,100.0,SYNTHETIC_DEMO
ECO-0190,15.086434,86.952655,76.76,72.09,7.89,18.77,30.68,76.6,41.48,53.37,1035.9,17.29,13.75,100.0,SYNTHETIC_DEMO
ECO-0191,33.293955,81.013156,100.0,6.23,32.53,12.94,3.87,100.0,87.4,23.58,2230.2,28.72,47.67,93.86,SYNTHETIC_DEMO
ECO-0192,14.506206,79.394627,75.79,29.75,5.44,5.06,41.15,81.73,38.09,43.85,1461.5,20.27,17.59,100.0,SYNTHETIC_DEMO
ECO-0193,11.314464,93.377442,87.88,33.5,32.1,47.49,39.53,90.89,45.74,43.92,1789.9,22.14,24.48,75.89,SYNTHETIC_DEMO
ECO-0194,30.440042,96.292274,100.0,18.79,42.9,37.0,0.47,100.0,51.74,0.94,1119.4,9.72,56.53,44.31,SYNTHETIC_DEMO
ECO-0195,12.138677,93.31291,81.26,41.75,36.17,48.48,11.65,73.62,46.77,19.43,1775.5,16.11,13.9,59.89,SYNTHETIC_DEMO
ECO-0196,12.840244,73.57672,93.63,45.83,46.03,35.78,42.89,74.24,32.36,39.25,1091.2,8.38,17.59,89.22,SYNTHETIC_DEMO
ECO-0197,24.183335,74.40314,100.0,8.12,46.31,36.9,1.87,98.69,63.1,8.84,1206.8,23.21,34.88,69.4,SYNTHETIC_DEMO
ECO-0198,31.613175,87.026142,89.15,28.14,12.62,5.65,2.29,90.07,31.2,29.05,1785.2,21.84,4.81,100.0,SYNTHETIC_DEMO
ECO-0199,13.303736,76.383424,68.56,28.51,13.53,14.05,20.89,100.0,50.3,19.71,2020.5,32.98,28.12,100.0,SYNTHETIC_DEMO
ECO-0200,16.378739,89.307029,100.0,30.79,88.63,67.76,33.46,66.5,40.75,30.32,2401.8,40.81,31.26,51.83,SYNTHETIC_DEMO
ECO-0201,28.989931,84.426199,100.0,6.24,70.16,57.67,0.0,100.0,58.8,12.62,935.0,14.11,51.29,68.08,SYNTHETIC_DEMO
ECO-0202,34.239314,83.976354,81.27,52.5,47.34,66.84,27.36,64.78,55.03,54.19,1386.9,19.31,26.66,58.53,SYNTHETIC_DEMO
ECO-0203,21.520012,92.027861,88.13,44.07,52.77,54.37,31.99,74.0,76.44,49.39,1965.0,30.14,31.56,69.83,SYNTHETIC_DEMO
ECO-0204,11.885233,88.60545,100.0,10.93,44.53,52.36,13.85,100.0,50.71,9.2,404.5,3.98,37.38,75.13,SYNTHETIC_DEMO
ECO-0205,8.37628,68.770755,99.21,16.97,64.21,72.88,6.28,100.0,62.58,5.53,0.0,6.02,36.07,66.22,SYNTHETIC_DEMO
ECO-0206,14.200713,69.434315,90.3,41.58,20.71,29.61,13.7,79.55,43.37,16.98,1184.2,27.15,26.82,80.97,SYNTHETIC_DEMO
ECO-0207,11.5592,85.445195,63.26,59.04,8.3,0.0,37.91,83.35,32.16,27.6,756.2,18.59,15.19,100.0,SYNTHETIC_DEMO
ECO-0208,26.296784,82.09957,77.46,36.19,26.75,4.49,14.19,79.1,36.57,22.41,1645.2,13.92,18.79,84.47,SYNTHETIC_DEMO
ECO-0209,11.289478,75.545355,100.0,23.15,0.0,8.67,10.89,89.76,61.26,13.08,538.1,5.89,27.9,100.0,SYNTHETIC_DEMO
ECO-0210,21.670908,80.141027,100.0,12.66,1.14,0.0,0.0,73.36,43.08,0.0,1778.3,26.7,24.76,96.07,SYNTHETIC_DEMO
ECO-0211,26.745086,89.979399,59.98,50.81,15.31,20.74,27.47,60.31,59.1,39.07,2248.8,36.05,7.91,95.62,SYNTHETIC_DEMO
ECO-0212,23.690148,91.971733,88.48,30.99,42.28,36.42,25.22,80.14,57.33,24.43,2333.1,26.36,27.95,47.89,SYNTHETIC_DEMO
ECO-0213,13.393943,84.275469,74.46,47.09,72.7,59.89,36.9,72.16,38.07,31.44,1632.7,15.77,19.89,65.72,SYNTHETIC_DEMO
ECO-0214,29.711362,79.175715,99.84,16.84,52.61,42.32,26.13,68.56,47.76,27.55,1117.9,23.3,32.24,88.33,SYNTHETIC_DEMO
ECO-0215,27.315992,75.850206,56.03,52.03,20.89,0.0,33.55,57.63,24.74,38.85,2516.4,34.95,0.0,100.0,SYNTHETIC_DEMO
ECO-0216,27.952568,83.135636,100.0,6.25,50.82,53.97,0.0,100.0,70.48,0.0,2120.8,24.37,46.81,67.32,SYNTHETIC_DEMO
ECO-0217,11.538559,77.127739,100.0,8.07,26.71,23.95,17.6,94.57,40.53,7.73,1430.9,15.95,42.48,82.54,SYNTHETIC_DEMO
ECO-0218,11.341353,84.358759,62.19,68.21,0.0,4.98,22.98,68.48,22.81,44.55,179.9,4.65,19.09,100.0,SYNTHETIC_DEMO
ECO-0219,33.044189,87.622919,77.81,58.41,26.74,16.44,49.0,59.57,34.22,36.77,1971.7,25.46,18.56,100.0,SYNTHETIC_DEMO
ECO-0220,18.734611,69.916297,90.98,33.42,32.58,16.71,25.57,94.61,61.26,14.0,1666.5,26.2,43.26,77.22,SYNTHETIC_DEMO
ECO-0221,16.125615,68.030956,89.14,27.12,38.34,13.58,22.66,98.88,67.02,22.28,1955.6,24.44,21.66,90.81,SYNTHETIC_DEMO
ECO-0222,21.191769,74.156037,88.37,25.15,51.66,51.05,10.7,98.0,73.42,12.08,2487.0,28.58,21.25,78.15,SYNTHETIC_DEMO
ECO-0223,25.897334,93.940833,100.0,15.72,49.73,52.03,6.4,92.2,65.56,1.03,2597.5,46.08,37.96,69.42,SYNTHETIC_DEMO
ECO-0224,33.801828,86.742432,98.64,12.64,51.87,48.99,4.75,93.17,58.74,0.0,2580.3,40.7,48.02,63.43,SYNTHETIC_DEMO
ECO-0225,15.734048,72.98685,70.34,53.63,20.06,8.51,22.94,62.03,45.53,35.2,1346.3,18.53,14.35,100.0,SYNTHETIC_DEMO
ECO-0226,32.969828,93.817655,100.0,3.65,38.29,51.04,0.0,100.0,51.63,0.0,2928.5,41.32,51.74,70.96,SYNTHETIC_DEMO
ECO-0227,8.671206,81.628722,74.8,34.18,52.41,43.83,34.91,65.53,26.69,29.97,2119.2,39.11,1.94,81.5,SYNTHETIC_DEMO
ECO-0228,22.990347,81.806661,95.12,8.82,20.77,33.76,9.58,100.0,60.09,20.77,454.6,9.78,44.9,93.46,SYNTHETIC_DEMO
ECO-0229,25.117328,95.130716,100.0,8.76,35.79,37.75,0.0,100.0,51.42,0.0,2148.4,37.96,46.63,72.24,SYNTHETIC_DEMO
ECO-0230,10.85923,69.725114,85.54,41.54,7.46,27.34,31.81,78.1,49.0,28.09,221.3,0.4,11.76,90.84,SYNTHETIC_DEMO
ECO-0231,11.789169,74.24017,85.13,17.91,31.33,56.48,18.64,83.16,51.82,37.68,940.8,14.37,35.4,59.09,SYNTHETIC_DEMO
ECO-0232,19.316087,84.987368,79.08,45.4,27.55,12.03,41.18,59.89,41.34,36.48,1207.1,20.12,17.61,100.0,SYNTHETIC_DEMO
ECO-0233,34.088262,73.669109,100.0,8.06,60.25,25.66,8.98,100.0,69.56,1.43,1828.8,24.68,43.94,71.3,SYNTHETIC_DEMO
ECO-0234,24.093149,87.706283,98.55,33.54,10.76,13.78,44.05,76.75,56.98,43.03,0.0,0.0,24.99,100.0,SYNTHETIC_DEMO
ECO-0235,33.191627,74.208676,76.2,41.91,35.91,5.19,34.54,56.01,39.45,39.42,834.8,9.6,17.6,100.0,SYNTHETIC_DEMO
ECO-0236,29.717745,70.875552,63.79,61.12,8.67,16.32,45.9,70.64,34.04,58.89,191.1,4.86,0.0,90.3,SYNTHETIC_DEMO
ECO-0237,20.619303,74.00257,100.0,0.0,77.32,64.2,0.0,100.0,65.62,0.15,1937.9,22.46,45.44,31.53,SYNTHETIC_DEMO
ECO-0238,29.188613,80.259287,74.48,24.06,18.48,15.92,13.82,99.0,45.21,7.3,2629.2,42.3,11.0,100.0,SYNTHETIC_DEMO
ECO-0239,8.481593,73.108011,93.31,37.55,21.45,37.03,13.51,88.59,51.49,2.97,1962.2,30.99,35.81,90.61,SYNTHETIC_DEMO
ECO-0240,10.946888,71.906069,100.0,27.55,15.82,26.26,16.36,76.39,77.32,24.97,1133.0,15.98,40.27,66.21,SYNTHETIC_DEMO
ECO-0241,30.394573,92.948175,100.0,15.88,36.2,67.98,14.83,97.45,65.04,0.04,1183.4,20.0,32.6,49.29,SYNTHETIC_DEMO
ECO-0242,29.514061,77.291519,91.5,0.0,58.62,43.0,9.74,100.0,63.01,0.0,2492.4,35.56,33.89,78.75,SYNTHETIC_DEMO
ECO-0243,14.2813,78.462002,99.67,32.27,53.76,58.88,16.88,94.33,55.35,8.2,450.7,3.41,34.23,52.18,SYNTHETIC_DEMO
ECO-0244,22.330779,69.602842,100.0,19.06,15.83,25.18,7.14,96.74,67.22,21.99,2578.8,41.4,30.78,99.77,SYNTHETIC_DEMO
ECO-0245,24.362427,78.363719,90.62,28.52,0.0,17.14,7.56,80.87,55.67,11.49,1835.0,30.46,29.02,100.0,SYNTHETIC_DEMO
ECO-0246,31.428952,75.679408,94.86,25.12,38.95,39.18,18.64,100.0,66.95,14.64,1632.7,21.95,34.06,58.8,SYNTHETIC_DEMO
ECO-0247,24.283893,85.704067,89.58,24.93,49.28,39.34,14.23,100.0,58.0,0.0,541.5,5.16,36.52,83.49,SYNTHETIC_DEMO
ECO-0248,19.139432,73.956319,85.36,26.32,76.97,62.78,13.95,82.33,64.4,28.49,384.7,4.86,37.89,60.82,SYNTHETIC_DEMO
ECO-0249,18.102969,93.762598,100.0,15.44,38.95,60.81,11.65,93.64,74.6,5.24,1674.9,22.36,49.24,43.56,SYNTHETIC_DEMO
ECO-0250,19.498816,94.960332,100.0,26.5,30.65,34.26,0.0,100.0,62.56,9.56,1253.6,26.43,26.24,64.65,SYNTHETIC_DEMO
ECO-0251,25.602138,70.895101,100.0,21.99,50.53,66.76,19.04,79.73,57.49,46.32,2597.5,40.55,49.98,46.52,SYNTHETIC_DEMO
ECO-0252,31.422247,71.114686,84.75,26.12,47.32,28.3,27.32,86.56,61.63,44.29,1900.0,28.57,34.25,74.75,SYNTHETIC_DEMO
ECO-0253,20.255216,71.344467,76.95,25.81,25.91,18.18,10.97,83.31,37.9,15.52,1003.2,10.38,35.84,93.61,SYNTHETIC_DEMO
ECO-0254,14.691668,85.967508,73.0,22.64,25.82,34.84,40.46,91.95,43.55,61.56,799.5,15.69,19.87,92.36,SYNTHETIC_DEMO
ECO-0255,14.389884,71.5371,67.43,70.87,3.45,0.0,27.14,75.6,39.38,33.57,1348.2,17.16,0.0,100.0,SYNTHETIC_DEMO
ECO-0256,28.142386,92.719087,81.75,29.47,47.29,57.33,28.07,81.75,35.59,36.74,850.9,9.5,22.36,71.11,SYNTHETIC_DEMO
ECO-0257,30.047357,89.873874,63.38,47.23,26.36,8.08,59.2,82.01,49.74,29.95,1762.0,30.29,0.0,100.0,SYNTHETIC_DEMO
ECO-0258,10.842508,91.774457,77.47,41.01,27.15,27.62,41.93,76.72,35.84,35.6,1934.8,30.96,15.97,100.0,SYNTHETIC_DEMO
ECO-0259,9.797089,83.255755,97.58,0.0,51.37,44.62,2.1,98.34,54.84,0.0,2203.7,20.54,48.24,68.3,SYNTHETIC_DEMO
ECO-0260,24.049709,96.903639,73.45,22.23,0.0,4.13,7.66,84.29,41.95,20.89,1334.5,19.23,28.22,99.66,SYNTHETIC_DEMO
ECO-0261,11.946678,69.281078,72.71,52.25,6.97,0.0,14.91,87.17,45.52,30.73,604.8,9.7,8.79,100.0,SYNTHETIC_DEMO
ECO-0262,30.265933,79.636684,79.49,70.23,66.9,62.92,33.5,72.78,45.23,41.42,2648.6,38.03,18.22,53.21,SYNTHETIC_DEMO
ECO-0263,16.379036,77.394163,93.72,38.01,25.64,4.81,10.12,78.16,46.92,30.77,1648.3,25.53,23.88,84.19,SYNTHETIC_DEMO
ECO-0264,11.884542,95.510719,100.0,9.13,15.53,31.14,0.0,100.0,59.17,0.0,2292.0,25.33,35.22,78.98,SYNTHETIC_DEMO
ECO-0265,32.866203,84.728968,85.03,31.26,20.94,20.32,18.65,85.25,45.75,28.55,1594.2,9.76,29.49,87.15,SYNTHETIC_DEMO
ECO-0266,12.469357,91.379538,92.04,6.4,8.0,11.32,4.6,98.43,47.09,13.96,2607.3,34.23,36.01,74.98,SYNTHETIC_DEMO
ECO-0267,15.687442,72.939895,63.01,62.17,34.34,26.34,36.7,96.06,57.27,20.73,686.5,11.71,10.99,90.34,SYNTHETIC_DEMO
ECO-0268,12.147562,96.38039,89.85,26.24,53.66,63.39,6.91,88.48,35.6,13.86,1412.5,5.06,35.61,56.38,SYNTHETIC_DEMO
ECO-0269,11.118232,82.460547,94.19,53.58,50.64,67.94,19.37,76.25,53.88,32.38,1900.6,24.29,37.7,67.44,SYNTHETIC_DEMO
ECO-0270,8.570996,82.31649,71.4,63.21,10.13,8.76,33.12,79.93,38.54,46.04,388.1,0.0,14.55,100.0,SYNTHETIC_DEMO
ECO-0271,9.495676,96.155657,73.04,17.92,30.0,68.83,24.1,75.35,54.65,42.99,2213.3,31.99,20.67,73.05,SYNTHETIC_DEMO
ECO-0272,12.71532,79.041238,79.54,29.35,26.54,40.58,42.87,90.47,38.43,28.77,1117.0,26.54,31.68,60.58,SYNTHETIC_DEMO
ECO-0273,9.441312,79.528226,94.7,35.96,41.39,42.26,29.53,58.84,42.74,31.45,599.3,7.9,29.72,62.36,SYNTHETIC_DEMO
ECO-0274,23.960883,84.957828,81.29,44.38,54.32,51.57,16.16,65.68,46.1,27.4,385.8,5.25,18.78,59.23,SYNTHETIC_DEMO
ECO-0275,26.379292,71.713526,65.15,45.93,20.26,43.25,39.83,77.9,57.4,44.04,2408.1,40.32,17.86,87.2,SYNTHETIC_DEMO
ECO-0276,18.628022,77.311483,100.0,27.59,54.25,58.02,6.73,100.0,66.52,0.0,2366.7,35.61,49.32,59.63,SYNTHETIC_DEMO
ECO-0277,16.58576,73.603041,87.13,24.36,45.56,35.34,20.15,75.95,37.57,22.53,743.4,10.08,35.28,82.55,SYNTHETIC_DEMO
ECO-0278,21.622208,70.995221,100.0,17.31,22.42,40.61,0.0,91.37,52.87,7.71,653.9,14.44,30.31,76.21,SYNTHETIC_DEMO
ECO-0279,31.625133,93.118194,76.06,54.71,23.58,17.27,51.28,74.56,53.48,47.62,966.3,16.85,24.87,94.53,SYNTHETIC_DEMO
ECO-0280,30.980554,85.090604,72.49,41.35,10.62,13.05,16.12,71.84,28.72,22.72,957.7,15.81,14.17,92.73,SYNTHETIC_DEMO
ECO-0281,9.173827,78.401511,89.21,25.25,66.25,39.26,22.93,87.33,54.36,12.53,1880.5,27.51,28.74,74.88,SYNTHETIC_DEMO
ECO-0282,12.900457,79.851412,100.0,10.71,7.37,0.0,8.58,100.0,55.24,13.13,494.0,5.68,27.45,99.11,SYNTHETIC_DEMO
ECO-0283,14.392112,80.514051,100.0,25.05,21.09,14.74,17.87,89.3,50.69,0.0,623.2,13.93,24.34,77.92,SYNTHETIC_DEMO
ECO-0284,14.733465,86.361326,81.95,48.34,18.88,0.0,44.41,56.87,65.45,28.78,259.0,2.2,2.09,100.0,SYNTHETIC_DEMO
ECO-0285,23.423282,94.876312,100.0,20.93,3.48,20.7,12.77,87.79,49.12,0.0,1723.1,32.0,39.19,88.32,SYNTHETIC_DEMO
ECO-0286,19.239085,95.050609,99.0,12.85,44.74,36.0,0.0,100.0,65.63,15.78,2221.1,28.08,58.21,68.55,SYNTHETIC_DEMO
ECO-0287,9.329861,79.353267,89.82,59.42,33.36,36.93,43.67,50.39,36.19,37.66,1873.0,35.26,10.16,77.5,SYNTHETIC_DEMO
ECO-0288,18.087582,77.548611,69.42,51.5,25.95,38.71,25.02,69.58,47.72,28.71,1652.4,27.15,7.73,97.22,SYNTHETIC_DEMO
ECO-0289,22.14133,81.080349,96.64,19.66,23.59,2.48,9.13,86.75,59.8,8.88,2476.4,32.3,37.19,100.0,SYNTHETIC_DEMO
ECO-0290,10.745141,84.470093,80.58,10.91,39.73,28.65,0.21,100.0,48.6,5.77,1084.6,18.81,28.49,71.71,SYNTHETIC_DEMO
ECO-0291,30.503381,81.392719,47.76,50.28,12.46,15.46,31.53,82.68,39.73,39.59,2889.6,40.09,9.24,98.4,SYNTHETIC_DEMO
ECO-0292,9.40297,87.103849,89.26,36.45,47.79,55.88,26.91,66.48,40.51,33.34,1451.8,21.94,27.07,74.54,SYNTHETIC_DEMO
ECO-0293,32.97073,84.077572,79.07,36.75,56.52,47.24,28.19,83.0,39.01,24.43,653.5,7.37,19.5,82.42,SYNTHETIC_DEMO
ECO-0294,10.676055,77.300751,77.63,16.64,26.44,39.19,0.0,84.32,59.99,8.01,2147.0,31.54,26.59,87.94,SYNTHETIC_DEMO
ECO-0295,30.776524,78.026193,100.0,12.6,37.97,37.85,15.44,93.45,52.36,4.18,1761.1,31.12,17.27,71.54,SYNTHETIC_DEMO
ECO-0296,32.371635,78.979191,100.0,0.0,65.26,66.66,0.0,100.0,40.53,0.0,1816.3,29.84,39.56,54.13,SYNTHETIC_DEMO
ECO-0297,34.448408,70.744553,99.88,25.65,47.34,47.33,38.31,72.54,71.95,35.49,731.3,5.34,39.32,52.08,SYNTHETIC_DEMO
ECO-0298,29.654699,72.815816,100.0,5.31,19.82,26.77,0.0,100.0,51.95,4.79,1337.4,14.72,51.13,72.11,SYNTHETIC_DEMO
ECO-0299,29.045894,88.9703,100.0,0.0,55.63,44.25,0.0,100.0,57.33,0.0,2381.2,37.07,53.34,70.97,SYNTHETIC_DEMO
ECO-0300,25.347048,79.283805,80.23,38.21,0.0,7.84,29.26,86.66,62.73,41.17,1103.6,18.27,17.41,100.0,SYNTHETIC_DEMO
ECO-0301,29.032902,74.22163,92.12,44.87,69.37,59.19,25.23,33.88,41.2,49.38,364.0,2.09,9.35,60.83,SYNTHETIC_DEMO
ECO-0302,11.63291,84.3175,72.69,33.95,14.13,21.77,43.26,68.8,40.37,46.5,630.6,17.42,10.02,99.87,SYNTHETIC_DEMO
ECO-0303,22.473837,89.910647,86.59,34.06,13.13,14.89,18.52,86.98,38.02,24.64,1483.0,26.31,35.31,75.38,SYNTHETIC_DEMO
ECO-0304,21.884017,75.465249,100.0,30.23,79.66,59.92,15.49,81.52,43.1,28.14,2404.0,32.93,53.25,48.81,SYNTHETIC_DEMO
ECO-0305,31.154448,91.976907,100.0,20.22,60.69,51.17,21.18,99.01,60.23,42.47,1904.5,24.96,47.96,58.55,SYNTHETIC_DEMO
ECO-0306,20.495583,94.897641,86.63,22.26,12.1,0.36,3.32,100.0,55.76,10.47,2669.5,38.9,22.65,100.0,SYNTHETIC_DEMO
ECO-0307,18.397416,85.324441,79.17,39.77,17.63,0.0,8.49,70.32,44.56,11.69,1067.9,14.36,7.75,97.75,SYNTHETIC_DEMO
ECO-0308,25.268208,87.399482,97.06,25.59,3.76,0.0,19.61,100.0,49.71,4.85,1500.8,28.79,25.41,100.0,SYNTHETIC_DEMO
ECO-0309,15.19451,69.524704,100.0,27.65,39.9,28.46,9.94,68.85,51.85,42.97,723.1,15.77,32.15,77.26,SYNTHETIC_DEMO
ECO-0310,11.773747,95.420077,70.28,63.76,0.0,1.68,24.89,79.5,23.76,57.35,631.3,9.64,20.23,93.64,SYNTHETIC_DEMO
ECO-0311,20.902686,79.382057,96.06,57.49,66.9,63.33,43.78,66.33,57.85,37.12,1908.4,32.02,29.54,58.33,SYNTHETIC_DEMO
ECO-0312,19.256013,94.793112,100.0,9.38,57.11,56.75,8.01,100.0,65.98,0.0,170.2,6.67,47.61,53.7,SYNTHETIC_DEMO
ECO-0313,14.279388,84.790348,100.0,31.18,56.74,43.54,0.93,88.6,76.78,12.29,405.5,6.37,36.09,76.59,SYNTHETIC_DEMO
ECO-0314,17.922819,68.133945,100.0,0.0,41.4,41.63,0.13,100.0,61.24,19.49,2216.7,35.26,43.83,45.79,SYNTHETIC_DEMO
ECO-0315,17.892596,69.117718,100.0,35.52,24.24,24.8,3.29,96.24,47.36,1.7,1729.4,28.91,37.35,83.56,SYNTHETIC_DEMO
ECO-0316,16.84238,87.732145,77.86,26.87,20.07,3.7,31.15,85.65,45.29,0.0,104.5,4.01,16.66,100.0,SYNTHETIC_DEMO
ECO-0317,18.24553,84.317372,100.0,19.44,52.79,44.28,15.17,99.81,59.04,30.93,1619.4,20.4,34.11,67.94,SYNTHETIC_DEMO
ECO-0318,26.51507,68.769441,75.66,50.28,4.89,7.77,26.19,65.48,43.92,37.61,1387.3,17.42,23.69,100.0,SYNTHETIC_DEMO
ECO-0319,16.015665,89.560339,85.83,34.35,9.81,0.0,25.26,74.1,44.81,28.18,2186.8,31.36,8.27,92.88,SYNTHETIC_DEMO
ECO-0320,33.619164,92.712215,88.96,50.65,30.21,26.06,20.27,59.36,30.56,37.76,2037.2,27.02,30.52,100.0,SYNTHETIC_DEMO
ECO-0321,32.741397,82.396107,92.26,14.44,2.47,0.0,0.0,96.26,35.71,5.96,406.2,0.0,16.54,99.36,SYNTHETIC_DEMO
ECO-0322,20.984582,81.506966,100.0,6.51,33.86,37.25,3.39,100.0,61.97,0.0,955.4,17.71,35.49,93.05,SYNTHETIC_DEMO
ECO-0323,16.865753,68.15872,100.0,30.03,48.55,45.72,18.64,96.18,74.76,10.52,1064.8,17.7,45.32,67.16,SYNTHETIC_DEMO
ECO-0324,22.456739,90.812842,100.0,0.0,67.65,63.97,1.84,100.0,63.81,4.54,2388.4,29.13,45.42,36.66,SYNTHETIC_DEMO
ECO-0325,30.911133,77.590766,91.97,12.76,42.43,32.42,12.88,100.0,67.17,0.0,1316.5,18.54,25.47,79.2,SYNTHETIC_DEMO
ECO-0326,25.619858,93.484145,91.57,67.19,72.65,53.26,36.56,42.68,54.29,41.9,1974.4,28.69,28.44,63.78,SYNTHETIC_DEMO
ECO-0327,29.718579,78.818757,100.0,11.37,30.42,30.99,5.68,100.0,61.73,5.57,1772.0,27.49,37.45,77.01,SYNTHETIC_DEMO
ECO-0328,22.383501,84.387259,100.0,9.51,56.09,67.34,3.97,100.0,55.34,5.49,977.0,9.25,42.04,41.76,SYNTHETIC_DEMO
ECO-0329,25.088776,75.839912,89.23,26.56,32.6,47.88,17.43,91.27,56.7,20.05,732.5,4.22,22.36,96.97,SYNTHETIC_DEMO
ECO-0330,15.780202,72.657061,86.8,35.36,2.6,14.96,21.73,93.43,64.03,13.22,704.5,13.17,23.49,89.99,SYNTHETIC_DEMO
ECO-0331,27.842115,90.472329,94.88,23.69,48.4,78.49,25.19,81.72,62.98,8.78,1645.4,17.01,31.11,72.53,SYNTHETIC_DEMO
ECO-0332,13.464924,82.401124,96.84,24.6,16.36,16.37,15.64,94.46,62.78,18.86,1691.6,24.21,49.96,86.22,SYNTHETIC_DEMO
ECO-0333,26.759549,83.55815,67.76,57.87,16.93,11.34,21.99,62.13,31.22,33.37,2843.3,41.02,5.66,100.0,SYNTHETIC_DEMO
ECO-0334,31.239415,95.997063,90.83,8.91,22.78,9.38,0.0,100.0,53.11,0.0,903.5,12.94,29.67,100.0,SYNTHETIC_DEMO
ECO-0335,11.566777,95.943817,79.71,34.06,21.9,28.29,22.03,69.9,43.38,21.06,1715.9,27.0,20.5,85.52,SYNTHETIC_DEMO
ECO-0336,24.588253,92.813622,71.92,47.55,38.9,6.05,43.07,83.92,46.16,31.1,611.5,17.17,30.86,90.39,SYNTHETIC_DEMO
ECO-0337,10.567585,73.440669,77.99,56.6,51.41,27.7,35.21,68.5,56.97,35.4,1536.0,15.04,4.69,71.35,SYNTHETIC_DEMO
ECO-0338,27.594322,85.233908,100.0,20.77,74.36,64.85,8.82,88.5,36.91,0.0,666.1,14.37,43.73,52.4,SYNTHETIC_DEMO
ECO-0339,10.281317,93.466275,85.29,61.39,11.63,9.08,24.32,80.66,48.75,33.19,1840.3,15.04,20.97,96.72,SYNTHETIC_DEMO
ECO-0340,33.270375,78.859454,100.0,16.69,34.61,39.0,0.0,100.0,59.41,0.0,759.9,18.37,30.04,59.4,SYNTHETIC_DEMO
ECO-0341,11.710014,70.932079,93.72,17.71,50.47,31.88,19.99,100.0,43.12,10.44,808.4,1.91,27.94,78.46,SYNTHETIC_DEMO
ECO-0342,33.889767,91.517924,100.0,0.0,61.51,52.48,4.29,100.0,69.94,0.0,1681.6,37.41,48.48,51.64,SYNTHETIC_DEMO
ECO-0343,29.623873,81.971143,71.36,44.04,8.97,2.94,23.08,86.58,38.14,28.69,926.5,11.95,5.87,100.0,SYNTHETIC_DEMO
ECO-0344,24.029414,84.367388,86.21,34.78,21.95,4.03,10.48,90.01,46.02,24.62,1646.6,31.15,28.04,100.0,SYNTHETIC_DEMO
ECO-0345,29.130851,96.482185,85.93,54.83,45.03,27.22,22.17,82.32,69.7,37.59,868.0,18.44,36.98,80.19,SYNTHETIC_DEMO
ECO-0346,29.468101,85.609131,92.42,18.43,42.79,45.0,16.58,100.0,69.92,16.44,2668.9,37.85,42.46,57.14,SYNTHETIC_DEMO
ECO-0347,33.542731,80.324402,73.5,51.45,51.74,55.11,32.14,59.28,49.86,42.63,1186.5,16.0,8.78,96.65,SYNTHETIC_DEMO
ECO-0348,14.841351,78.729547,88.18,35.83,48.14,38.28,32.57,58.61,49.33,42.27,1557.7,19.18,16.22,75.77,SYNTHETIC_DEMO
ECO-0349,23.932049,80.110959,94.55,10.61,41.62,65.78,9.67,100.0,59.73,0.0,2551.8,42.21,40.64,56.87,SYNTHETIC_DEMO
ECO-0350,10.566328,71.433573,100.0,0.0,33.47,21.44,0.0,100.0,78.92,0.0,1831.9,25.36,37.6,75.18,SYNTHETIC_DEMO
ECO-0351,24.636474,91.047766,100.0,0.59,0.0,13.27,3.91,91.35,60.76,0.59,1200.3,13.91,35.58,96.27,SYNTHETIC_DEMO
ECO-0352,12.624865,92.293789,64.48,53.43,0.0,0.0,37.95,60.83,28.03,52.07,1314.7,22.41,9.74,100.0,SYNTHETIC_DEMO
ECO-0353,23.253667,76.247517,94.3,25.53,3.22,3.26,0.0,100.0,39.96,4.33,541.0,3.63,42.74,100.0,SYNTHETIC_DEMO
ECO-0354,23.455624,76.810102,95.84,41.35,29.98,32.35,22.34,85.33,58.52,27.93,1317.7,18.12,27.48,94.17,SYNTHETIC_DEMO
ECO-0355,20.581599,93.355693,88.19,30.33,31.6,42.84,16.23,100.0,56.44,21.74,1608.1,24.66,20.56,89.91,SYNTHETIC_DEMO
ECO-0356,22.111058,68.69514,83.98,50.47,15.64,20.58,31.55,58.49,27.82,48.13,1838.1,24.36,28.06,100.0,SYNTHETIC_DEMO
ECO-0357,28.625932,83.093266,84.94,20.96,39.37,42.85,19.73,100.0,61.13,21.18,2367.5,33.05,38.47,78.59,SYNTHETIC_DEMO
ECO-0358,29.579607,81.446596,84.81,29.39,20.07,35.61,22.39,70.57,44.49,31.66,599.0,16.66,28.74,84.84,SYNTHETIC_DEMO
ECO-0359,21.288137,88.013676,66.0,40.62,45.93,42.04,53.09,41.8,41.13,30.48,303.1,3.52,11.52,88.64,SYNTHETIC_DEMO
ECO-0360,24.189023,72.738359,100.0,0.0,62.09,51.38,0.0,100.0,66.09,0.0,1252.4,16.99,46.98,54.46,SYNTHETIC_DEMO
ECO-0361,33.143378,87.381591,84.71,54.28,19.83,36.57,27.95,59.75,36.2,14.59,1630.1,23.58,16.12,100.0,SYNTHETIC_DEMO
ECO-0362,11.232807,78.925286,100.0,3.1,27.82,27.67,8.48,100.0,64.79,11.2,1250.5,21.03,22.71,76.61,SYNTHETIC_DEMO
ECO-0363,11.161796,85.942729,79.88,35.01,44.81,44.81,24.54,85.76,46.57,29.52,1682.8,20.07,31.69,71.47,SYNTHETIC_DEMO
ECO-0364,10.368143,69.162755,65.65,57.22,12.58,44.77,40.77,64.72,37.46,50.54,1231.8,20.61,21.33,68.37,SYNTHETIC_DEMO
ECO-0365,25.762309,81.390089,83.63,35.16,28.67,10.2,53.27,70.0,39.73,27.83,2584.5,40.05,32.22,80.85,SYNTHETIC_DEMO
ECO-0366,19.302424,83.145276,97.64,45.68,60.19,28.16,30.48,83.26,64.0,26.34,1466.5,13.05,19.58,100.0,SYNTHETIC_DEMO
ECO-0367,28.906678,74.215466,100.0,10.94,47.54,39.36,20.53,94.98,57.63,12.4,747.5,20.18,41.95,88.48,SYNTHETIC_DEMO
ECO-0368,26.123248,72.049086,92.34,9.69,43.23,39.52,12.73,100.0,73.28,33.09,833.8,19.81,35.64,65.0,SYNTHETIC_DEMO
ECO-0369,17.008219,73.465755,95.7,27.97,23.36,27.24,3.55,91.27,70.49,32.13,1533.4,19.0,28.87,100.0,SYNTHETIC_DEMO
ECO-0370,32.255897,77.980091,85.57,27.89,50.99,29.19,17.27,75.45,41.05,31.39,1136.1,11.43,27.05,85.77,SYNTHETIC_DEMO
ECO-0371,28.588368,70.807494,95.58,20.66,70.64,55.64,23.96,71.88,25.18,25.39,1088.5,17.47,37.9,67.84,SYNTHETIC_DEMO
ECO-0372,15.304443,95.472274,78.07,41.78,0.0,11.58,18.8,91.38,57.74,29.25,781.4,4.59,23.02,100.0,SYNTHETIC_DEMO
ECO-0373,17.833184,79.744828,100.0,4.52,65.02,51.26,14.72,83.56,55.2,11.87,2175.4,39.45,47.64,72.76,SYNTHETIC_DEMO
ECO-0374,16.489879,91.460118,67.84,23.97,48.15,9.43,11.46,82.0,34.53,7.84,2302.5,32.2,30.94,92.4,SYNTHETIC_DEMO
ECO-0375,12.255515,96.258097,100.0,15.22,44.25,45.18,9.04,98.85,53.84,14.67,1233.0,26.6,29.26,82.86,SYNTHETIC_DEMO
ECO-0376,11.990151,70.341323,97.85,20.52,20.11,28.93,3.77,85.26,50.14,0.0,694.7,6.3,36.24,85.19,SYNTHETIC_DEMO
ECO-0377,33.275442,86.898415,61.22,55.89,5.27,0.0,43.59,81.0,52.68,39.67,1233.3,17.94,0.75,100.0,SYNTHETIC_DEMO
ECO-0378,19.823409,93.270864,100.0,33.99,43.53,66.03,29.48,84.5,61.1,17.33,983.5,21.09,32.16,47.73,SYNTHETIC_DEMO
ECO-0379,18.349635,86.392799,96.61,4.58,50.75,28.94,0.0,100.0,71.54,15.6,2521.5,36.21,25.03,69.0,SYNTHETIC_DEMO
ECO-0380,27.701514,80.441758,84.53,29.03,48.85,76.79,34.23,66.88,55.68,38.33,1514.0,24.07,30.22,69.4,SYNTHETIC_DEMO
ECO-0381,22.930813,80.501214,70.52,56.93,19.62,14.77,27.58,76.55,40.37,52.34,1897.4,33.92,15.87,100.0,SYNTHETIC_DEMO
ECO-0382,33.27578,69.041068,100.0,27.38,49.31,67.18,13.0,99.28,59.54,0.0,2438.8,33.8,42.0,53.84,SYNTHETIC_DEMO
ECO-0383,29.06814,83.503422,100.0,12.15,57.28,77.02,3.35,96.36,68.75,25.54,1628.4,18.12,45.75,54.14,SYNTHETIC_DEMO
ECO-0384,20.942978,96.812747,95.05,0.0,61.16,32.44,16.7,100.0,67.54,0.0,964.9,7.18,44.8,81.48,SYNTHETIC_DEMO
ECO-0385,18.161706,95.802518,93.51,13.05,22.93,12.77,0.0,90.4,62.49,0.0,1747.8,29.13,46.11,72.52,SYNTHETIC_DEMO
ECO-0386,34.639052,69.171578,96.03,60.68,36.78,49.49,29.06,58.95,45.93,28.64,1455.3,23.77,25.29,69.28,SYNTHETIC_DEMO
ECO-0387,27.379526,88.468113,72.24,54.69,19.32,29.79,44.78,51.6,40.78,59.28,1429.6,26.75,4.4,100.0,SYNTHETIC_DEMO
ECO-0388,33.682256,76.751181,100.0,14.49,43.76,65.74,0.0,100.0,70.29,4.05,2710.8,39.29,47.55,51.72,SYNTHETIC_DEMO
ECO-0389,11.198922,94.186685,76.25,37.09,13.86,27.45,29.02,73.93,41.79,31.84,817.3,5.11,33.38,75.77,SYNTHETIC_DEMO
ECO-0390,30.964409,69.308328,95.9,10.57,26.74,16.83,0.46,100.0,45.31,0.0,2051.1,19.0,26.87,87.48,SYNTHETIC_DEMO
ECO-0391,25.200995,95.140349,95.86,43.18,24.14,10.59,16.21,73.74,39.41,12.36,934.6,28.36,28.98,100.0,SYNTHETIC_DEMO
ECO-0392,11.291885,92.286797,81.85,44.0,37.63,47.86,24.79,79.91,49.01,45.29,479.1,9.82,33.27,47.45,SYNTHETIC_DEMO
ECO-0393,23.882966,71.407627,100.0,12.09,83.7,68.81,23.69,92.7,69.17,25.91,1662.1,25.62,23.5,53.57,SYNTHETIC_DEMO
ECO-0394,26.524602,69.734906,100.0,3.79,2.98,0.0,0.0,100.0,67.87,13.96,1595.8,25.33,38.49,94.88,SYNTHETIC_DEMO
ECO-0395,8.332173,92.206522,83.78,40.26,45.62,45.97,28.93,85.45,40.42,32.12,1828.0,20.26,33.35,51.78,SYNTHETIC_DEMO
ECO-0396,20.266585,72.516972,72.94,59.83,42.75,61.44,41.9,62.03,40.14,19.51,1198.1,14.0,17.47,64.71,SYNTHETIC_DEMO
ECO-0397,30.285787,83.512046,91.29,34.23,23.8,5.69,0.0,91.25,47.37,0.0,421.6,15.04,22.75,98.39,SYNTHETIC_DEMO
ECO-0398,15.974694,94.556601,94.63,32.8,39.89,5.64,12.63,100.0,62.71,14.12,1035.4,18.82,26.26,96.54,SYNTHETIC_DEMO
ECO-0399,20.380798,84.455995,100.0,10.35,29.14,49.03,0.0,100.0,56.64,1.26,1240.1,14.78,40.27,60.32,SYNTHETIC_DEMO
ECO-0400,19.942481,79.519766,100.0,28.79,39.17,29.56,25.71,83.48,52.23,20.48,2206.1,26.96,31.2,62.48,SYNTHETIC_DEMO
ECO-0401,16.15204,80.905466,80.88,49.94,23.34,0.0,18.67,77.12,29.93,15.63,1723.1,23.27,13.49,90.61,SYNTHETIC_DEMO
ECO-0402,32.797931,69.830398,61.22,46.97,34.78,53.74,33.63,57.42,45.71,46.21,2694.9,38.85,15.34,59.08,SYNTHETIC_DEMO
ECO-0403,29.094939,96.093817,83.61,34.56,40.67,29.21,15.87,75.22,47.09,37.07,2302.0,44.78,31.58,91.1,SYNTHETIC_DEMO
ECO-0404,10.985887,77.008971,82.82,37.29,70.16,75.51,35.04,60.09,41.26,45.97,1184.5,16.83,15.03,65.82,SYNTHETIC_DEMO
ECO-0405,34.919936,73.491541,85.76,45.44,55.56,60.0,39.61,62.11,46.26,31.84,2076.7,25.2,13.08,63.11,SYNTHETIC_DEMO
ECO-0406,31.738401,76.295372,100.0,12.82,62.88,57.37,0.58,96.47,73.33,11.74,2402.7,35.75,51.9,48.62,SYNTHETIC_DEMO
ECO-0407,15.665528,95.966823,87.8,32.42,56.53,32.49,15.21,91.11,44.39,11.14,2091.4,32.69,25.81,76.22,SYNTHETIC_DEMO
ECO-0408,30.596208,70.734296,92.61,30.93,45.51,18.51,16.06,97.73,46.57,13.01,1176.8,11.25,27.14,97.99,SYNTHETIC_DEMO
ECO-0409,10.873327,93.151788,100.0,27.5,36.32,24.98,16.34,89.85,69.54,0.0,1608.5,26.14,35.1,82.17,SYNTHETIC_DEMO
ECO-0410,34.975828,88.527473,59.32,66.23,0.34,5.21,14.38,58.28,34.08,23.75,1632.6,30.53,5.31,100.0,SYNTHETIC_DEMO
ECO-0411,25.973488,92.070556,76.42,22.05,31.67,36.91,47.56,83.32,57.39,31.19,2503.4,38.24,18.8,47.88,SYNTHETIC_DEMO
ECO-0412,25.553375,96.301029,93.93,59.42,20.02,7.49,40.31,41.57,41.31,68.78,2514.8,33.74,19.44,100.0,SYNTHETIC_DEMO
ECO-0413,10.4419,92.422485,86.39,31.29,20.04,13.75,23.6,97.85,55.71,2.21,2216.4,30.6,21.87,73.31,SYNTHETIC_DEMO
ECO-0414,32.219902,95.358088,80.59,24.12,4.86,0.0,20.29,65.13,36.75,12.1,407.2,0.0,15.86,96.0,SYNTHETIC_DEMO
ECO-0415,8.782987,71.681122,71.55,26.12,24.33,32.4,2.76,71.08,50.52,22.07,734.5,10.35,2.07,86.7,SYNTHETIC_DEMO
ECO-0416,14.502358,91.077868,100.0,6.32,16.82,22.57,10.5,100.0,68.94,23.56,1887.1,29.86,45.71,97.01,SYNTHETIC_DEMO
ECO-0417,11.861591,83.824595,93.6,15.81,48.19,53.26,3.59,100.0,70.44,12.03,2245.6,29.2,35.92,69.08,SYNTHETIC_DEMO
ECO-0418,28.972734,83.761372,90.21,41.54,82.7,66.38,25.38,100.0,48.56,31.93,2434.2,46.21,38.18,74.54,SYNTHETIC_DEMO
ECO-0419,13.351514,94.068726,100.0,28.98,11.31,9.67,0.17,100.0,68.62,0.0,1320.1,23.76,38.32,82.78,SYNTHETIC_DEMO
ECO-0420,32.587232,96.182311,84.47,41.56,46.48,53.97,37.31,70.1,47.07,37.75,2646.1,30.73,28.09,64.16,SYNTHETIC_DEMO
ECO-0421,25.719264,88.440311,100.0,11.8,72.59,51.28,0.0,85.8,51.8,5.78,1785.4,17.92,45.37,35.13,SYNTHETIC_DEMO
ECO-0422,8.976393,82.005213,81.21,20.95,31.43,32.99,18.39,100.0,52.03,4.1,589.9,3.93,32.71,79.88,SYNTHETIC_DEMO
ECO-0423,8.146606,81.235712,100.0,44.78,59.16,46.31,14.9,70.07,60.92,40.09,516.4,15.61,21.89,64.78,SYNTHETIC_DEMO
ECO-0424,9.394764,79.203902,92.26,14.01,35.16,47.88,27.01,96.7,61.5,0.0,1747.5,30.67,27.02,92.12,SYNTHETIC_DEMO
ECO-0425,24.35998,78.486372,82.36,55.9,7.27,7.47,56.54,69.27,40.36,53.39,851.2,20.89,12.32,100.0,SYNTHETIC_DEMO
ECO-0426,29.640009,79.353698,91.76,54.5,13.06,50.8,42.96,71.81,58.15,35.87,2483.9,37.31,20.09,91.96,SYNTHETIC_DEMO
ECO-0427,14.440926,70.602844,100.0,21.39,0.0,4.36,15.16,100.0,57.26,2.87,1630.8,23.41,46.33,91.99,SYNTHETIC_DEMO
ECO-0428,30.934039,70.245646,81.35,27.33,33.76,69.48,26.17,57.64,40.68,15.17,1559.0,17.15,30.81,51.86,SYNTHETIC_DEMO
ECO-0429,9.545262,90.616225,94.74,38.7,63.69,76.84,34.56,81.8,50.39,20.65,513.2,9.45,28.66,48.12,SYNTHETIC_DEMO
ECO-0430,29.626024,80.936114,81.43,46.79,35.38,46.99,28.33,65.27,52.26,46.53,2769.5,40.56,23.51,68.83,SYNTHETIC_DEMO
ECO-0431,33.050477,94.98985,78.41,48.3,50.54,35.21,16.69,66.48,44.35,33.55,2230.3,32.28,20.38,99.59,SYNTHETIC_DEMO
ECO-0432,28.846927,85.754409,79.92,49.39,36.64,29.81,43.19,78.71,35.41,38.0,1893.7,36.5,21.42,84.23,SYNTHETIC_DEMO
ECO-0433,26.849261,69.020103,75.86,30.97,60.28,57.17,35.43,70.03,58.29,19.97,2249.9,33.12,31.77,50.89,SYNTHETIC_DEMO
ECO-0434,30.625466,72.568177,100.0,25.25,11.52,22.03,10.97,97.13,51.82,14.25,1800.9,33.67,32.82,89.31,SYNTHETIC_DEMO
ECO-0435,9.084085,73.968774,72.82,45.07,15.05,4.12,16.23,73.78,57.02,16.6,2109.2,23.7,1.55,100.0,SYNTHETIC_DEMO
ECO-0436,13.448117,96.296345,68.11,36.08,24.49,38.17,32.42,57.14,25.76,44.14,1495.5,35.87,0.0,100.0,SYNTHETIC_DEMO
ECO-0437,11.372939,74.342423,77.47,35.45,12.03,26.42,5.73,76.6,43.83,28.07,1312.3,17.82,17.31,100.0,SYNTHETIC_DEMO
ECO-0438,21.622337,82.956915,83.46,34.65,36.96,7.94,35.18,76.9,40.16,35.06,1310.9,23.2,25.24,94.84,SYNTHETIC_DEMO
ECO-0439,28.120079,95.149131,73.72,22.29,10.31,11.27,3.21,80.02,32.75,8.93,1086.1,20.62,14.27,100.0,SYNTHETIC_DEMO
ECO-0440,25.01032,96.338589,59.13,53.32,35.39,37.73,35.46,71.96,37.46,32.14,2317.7,32.28,24.41,81.54,SYNTHETIC_DEMO
ECO-0441,30.98054,74.854453,69.45,61.28,23.56,22.6,31.06,59.27,55.49,49.94,1191.3,21.97,7.94,100.0,SYNTHETIC_DEMO
ECO-0442,12.190751,69.424412,100.0,15.9,19.77,18.17,0.0,96.67,57.31,4.3,1523.4,27.21,45.47,87.94,SYNTHETIC_DEMO
ECO-0443,27.834769,72.454453,90.72,15.2,15.0,14.34,10.86,100.0,45.17,6.85,2816.1,38.68,37.52,92.37,SYNTHETIC_DEMO
ECO-0444,13.21212,69.836526,74.23,35.7,16.67,23.68,19.41,87.3,30.11,43.52,1072.8,12.59,29.07,98.37,SYNTHETIC_DEMO
ECO-0445,15.310486,73.658603,99.21,33.21,82.77,44.28,25.35,84.43,41.71,13.55,331.0,5.19,28.65,59.1,SYNTHETIC_DEMO
ECO-0446,27.167427,84.488522,69.23,28.6,17.53,23.22,11.95,82.66,40.11,35.46,1760.0,25.82,17.98,99.54,SYNTHETIC_DEMO
ECO-0447,34.465529,94.461015,100.0,5.62,68.93,49.19,0.0,97.52,54.71,0.0,484.9,14.24,53.99,79.85,SYNTHETIC_DEMO
ECO-0448,24.511677,83.579348,91.45,29.59,49.08,43.36,0.0,86.59,54.16,22.72,2438.9,40.1,37.45,69.66,SYNTHETIC_DEMO
ECO-0449,9.471509,86.153697,91.68,20.38,33.54,24.18,0.0,79.73,27.4,30.4,1546.5,22.84,29.79,94.28,SYNTHETIC_DEMO
ECO-0450,24.640342,73.85415,89.4,30.58,62.26,53.63,40.05,70.14,50.69,24.31,1816.7,30.28,20.81,95.59,SYNTHETIC_DEMO
ECO-0451,9.143465,91.216925,83.07,32.51,58.7,37.17,46.38,82.6,62.74,21.08,1807.9,16.88,41.65,73.88,SYNTHETIC_DEMO
ECO-0452,31.871934,85.915878,100.0,39.35,26.26,43.04,26.13,72.53,68.58,13.02,1264.1,15.89,22.65,69.14,SYNTHETIC_DEMO
ECO-0453,27.158614,93.059968,77.88,38.05,16.55,0.0,17.53,75.36,23.15,22.14,891.9,14.82,0.0,100.0,SYNTHETIC_DEMO
ECO-0454,12.674452,95.51645,72.48,50.26,26.36,0.35,28.8,66.0,30.26,41.19,448.2,12.3,7.28,100.0,SYNTHETIC_DEMO
ECO-0455,10.476467,78.089122,91.13,46.72,60.1,63.71,31.93,100.0,54.15,19.0,1231.0,19.46,14.68,41.93,SYNTHETIC_DEMO
ECO-0456,12.955397,70.626793,88.18,26.46,51.98,63.33,15.44,78.0,54.73,24.79,2178.2,39.96,23.17,57.51,SYNTHETIC_DEMO
ECO-0457,34.460734,74.55194,72.64,33.27,53.91,63.31,27.7,59.3,33.13,13.64,680.7,14.55,47.83,68.59,SYNTHETIC_DEMO
ECO-0458,20.381137,80.697405,100.0,21.99,58.97,62.23,3.41,89.45,77.68,2.22,988.1,12.38,43.47,49.18,SYNTHETIC_DEMO
ECO-0459,29.170186,95.425116,93.97,19.05,29.03,0.0,4.78,100.0,54.13,0.17,915.2,13.03,16.31,100.0,SYNTHETIC_DEMO
ECO-0460,25.183025,78.970985,92.95,42.97,40.19,57.18,14.25,98.93,59.6,22.45,1057.2,17.9,34.06,75.09,SYNTHETIC_DEMO
ECO-0461,23.455155,90.352423,72.73,49.18,17.03,40.97,37.58,61.17,56.97,35.55,357.1,3.11,7.58,81.11,SYNTHETIC_DEMO
ECO-0462,11.918517,83.673824,95.99,50.31,69.91,60.0,14.6,91.83,59.28,17.45,1973.0,37.25,38.78,52.07,SYNTHETIC_DEMO
ECO-0463,33.54266,73.301454,80.97,20.45,16.99,6.78,10.54,100.0,54.31,0.0,926.4,8.35,19.52,87.1,SYNTHETIC_DEMO
ECO-0464,16.136251,77.301289,76.17,39.19,46.81,25.92,19.59,79.07,38.14,17.29,1796.9,28.53,21.3,98.85,SYNTHETIC_DEMO
ECO-0465,23.606465,86.942565,94.79,13.05,47.46,40.17,9.82,96.9,46.58,0.0,781.7,15.4,30.84,64.59,SYNTHETIC_DEMO
ECO-0466,26.893951,87.512748,100.0,33.78,51.76,47.13,39.53,78.78,50.46,46.12,1060.6,14.34,53.01,60.47,SYNTHETIC_DEMO
ECO-0467,25.529295,80.608033,88.05,45.78,30.98,40.19,29.07,80.35,74.18,33.86,993.4,12.21,27.59,66.74,SYNTHETIC_DEMO
ECO-0468,33.396049,74.630722,60.26,43.84,23.86,14.97,35.93,83.29,49.4,7.11,2072.8,30.71,12.58,89.63,SYNTHETIC_DEMO
ECO-0469,12.007853,88.935297,67.42,36.36,1.42,11.73,7.67,73.36,44.71,18.57,2203.9,37.12,14.08,100.0,SYNTHETIC_DEMO
ECO-0470,21.725524,72.897318,100.0,14.73,72.84,51.5,7.15,93.02,52.81,23.76,456.1,4.34,38.3,43.55,SYNTHETIC_DEMO
ECO-0471,18.908929,95.163421,86.21,25.91,35.77,19.57,17.96,100.0,65.06,12.93,2261.0,28.57,21.75,75.91,SYNTHETIC_DEMO
ECO-0472,20.802556,73.449204,61.13,56.67,27.5,28.39,55.31,69.74,27.1,57.84,846.7,18.45,4.51,76.46,SYNTHETIC_DEMO
ECO-0473,11.218873,71.112059,100.0,50.44,31.22,36.91,5.72,86.14,40.7,21.22,1417.2,23.26,42.25,76.8,SYNTHETIC_DEMO
ECO-0474,11.620554,82.431783,90.53,26.56,18.64,21.2,18.65,91.06,48.46,28.62,1581.5,28.76,23.01,88.65,SYNTHETIC_DEMO
ECO-0475,15.50804,83.066938,100.0,17.54,48.21,38.97,27.46,96.16,78.92,29.21,688.0,14.12,18.89,96.28,SYNTHETIC_DEMO
ECO-0476,16.227024,82.737595,99.71,11.23,21.38,25.7,0.0,100.0,78.23,6.52,1213.8,29.11,31.05,79.16,SYNTHETIC_DEMO
ECO-0477,19.553387,80.663357,100.0,21.1,64.32,65.68,2.88,100.0,58.75,0.0,833.9,18.08,51.96,56.14,SYNTHETIC_DEMO
ECO-0478,24.496664,96.849632,100.0,19.73,87.51,62.17,10.07,100.0,57.35,0.0,1664.3,21.34,42.76,61.53,SYNTHETIC_DEMO
ECO-0479,25.134986,82.102138,100.0,9.33,80.02,70.16,14.91,95.84,46.67,28.87,1360.0,22.75,40.44,61.3,SYNTHETIC_DEMO
ECO-0480,19.118894,81.860451,79.63,49.45,16.35,39.12,51.76,58.54,43.89,37.48,2436.1,33.75,26.81,77.35,SYNTHETIC_DEMO
ECO-0481,19.037144,80.231216,72.35,23.39,25.04,18.77,26.31,88.36,50.64,33.91,680.7,7.94,15.63,100.0,SYNTHETIC_DEMO
ECO-0482,13.87597,69.937947,100.0,12.55,55.02,47.87,21.5,98.76,69.58,8.32,2420.0,29.24,45.94,64.49,SYNTHETIC_DEMO
ECO-0483,23.884269,85.195742,100.0,19.74,58.4,47.53,0.1,100.0,72.49,5.66,787.7,10.39,40.12,57.84,SYNTHETIC_DEMO
ECO-0484,16.560105,74.611065,100.0,9.9,23.6,36.91,4.44,100.0,58.66,0.34,1684.8,28.0,41.29,79.62,SYNTHETIC_DEMO
ECO-0485,8.973616,86.49066,70.62,30.84,48.47,41.96,30.7,54.96,46.7,31.15,1095.6,16.1,15.77,77.2,SYNTHETIC_DEMO
ECO-0486,19.296801,69.47417,90.43,15.04,51.03,54.34,3.26,100.0,53.1,7.07,229.3,0.0,33.3,79.77,SYNTHETIC_DEMO
ECO-0487,20.801582,96.460226,71.01,44.16,65.83,36.52,36.22,63.71,49.0,38.59,303.7,0.0,26.11,68.49,SYNTHETIC_DEMO
ECO-0488,14.091007,81.601147,85.32,47.64,43.7,50.8,26.44,73.72,45.83,37.01,2042.7,41.2,30.98,78.84,SYNTHETIC_DEMO
ECO-0489,23.456364,94.005906,100.0,16.95,35.43,19.91,0.0,100.0,61.68,9.06,1035.5,17.16,34.59,91.83,SYNTHETIC_DEMO
ECO-0490,23.275841,81.791274,80.98,44.85,18.61,40.59,29.14,71.08,50.34,23.81,1790.6,22.74,19.87,91.55,SYNTHETIC_DEMO
ECO-0491,26.954059,69.749594,63.26,37.97,23.37,33.29,27.64,55.93,39.16,33.21,2980.5,47.02,24.58,79.88,SYNTHETIC_DEMO
ECO-0492,25.494609,91.844193,71.3,39.59,14.79,1.04,26.09,88.86,52.45,21.83,703.2,21.49,21.66,100.0,SYNTHETIC_DEMO
ECO-0493,25.615693,86.797328,100.0,1.49,73.85,60.8,0.0,99.24,47.63,0.0,559.0,11.49,43.69,61.01,SYNTHETIC_DEMO
ECO-0494,16.537782,90.670954,70.61,55.92,25.88,53.32,48.31,74.35,35.41,54.96,740.9,0.0,10.17,83.88,SYNTHETIC_DEMO
ECO-0495,29.26067,80.416926,60.38,42.3,9.2,0.0,32.94,60.93,31.96,39.14,529.5,21.2,13.6,97.95,SYNTHETIC_DEMO
ECO-0496,22.826898,86.500166,100.0,27.98,37.18,47.63,24.59,93.04,46.64,21.31,1933.3,19.75,37.73,76.39,SYNTHETIC_DEMO
ECO-0497,19.648291,92.830641,91.43,32.33,45.33,71.31,22.41,71.0,47.26,30.07,2088.4,30.3,30.4,76.17,SYNTHETIC_DEMO
ECO-0498,24.902337,86.300898,100.0,22.25,63.42,50.28,14.85,82.4,53.56,9.93,591.3,3.2,43.06,60.73,SYNTHETIC_DEMO
ECO-0499,17.737748,78.082535,69.73,34.37,20.11,11.36,34.32,67.81,54.79,21.35,629.6,5.74,16.6,86.05,SYNTHETIC_DEMO
ECO-0500,21.84396,87.213358,99.59,26.63,53.28,53.53,0.88,71.84,56.42,9.46,1683.6,26.68,37.24,64.14,SYNTHETIC_DEMO
ECO-0501,27.891054,87.483771,100.0,0.0,20.95,5.81,11.27,100.0,69.43,13.62,1319.3,9.43,50.16,84.34,SYNTHETIC_DEMO
ECO-0502,31.932878,95.857022,67.11,42.49,29.62,40.49,27.96,60.68,43.7,32.35,1927.7,28.47,28.46,62.93,SYNTHETIC_DEMO
ECO-0503,32.868544,78.756457,76.28,63.74,21.63,7.6,44.72,54.48,30.06,27.91,2591.2,44.61,11.95,100.0,SYNTHETIC_DEMO
ECO-0504,21.598089,80.327371,78.38,55.31,41.28,36.69,39.17,74.66,49.78,42.56,1268.3,14.81,31.52,83.49,SYNTHETIC_DEMO
ECO-0505,22.047428,91.551566,100.0,12.4,38.29,44.83,1.97,91.66,66.97,5.79,1704.2,18.61,40.3,41.13,SYNTHETIC_DEMO
ECO-0506,29.596501,82.667107,100.0,14.41,39.72,46.24,0.0,92.42,70.33,0.0,2185.1,32.08,47.96,71.57,SYNTHETIC_DEMO
ECO-0507,16.490169,89.36062,70.67,62.94,11.22,18.84,43.87,85.15,46.85,32.75,1841.7,25.93,21.41,93.74,SYNTHETIC_DEMO
ECO-0508,30.609324,81.331574,70.05,35.61,37.06,43.93,34.26,54.82,25.58,52.62,2333.6,32.03,26.08,75.32,SYNTHETIC_DEMO
ECO-0509,21.341824,74.249359,100.0,34.71,61.88,45.56,28.0,84.08,39.86,5.84,2070.1,25.11,41.9,78.54,SYNTHETIC_DEMO
ECO-0510,11.128132,89.610911,82.98,47.0,18.55,12.98,23.25,77.3,43.45,20.81,1352.8,22.89,25.42,91.07,SYNTHETIC_DEMO
ECO-0511,9.945597,71.8035,100.0,21.47,85.61,64.27,26.43,96.29,40.1,23.67,1399.9,23.97,55.79,43.79,SYNTHETIC_DEMO
ECO-0512,30.733817,73.758926,100.0,14.23,47.09,38.22,18.92,95.73,78.74,35.41,1939.1,23.76,32.9,49.4,SYNTHETIC_DEMO
ECO-0513,9.500334,86.177925,100.0,13.64,67.65,69.31,7.06,96.36,69.76,11.38,1335.2,15.39,46.19,58.38,SYNTHETIC_DEMO
ECO-0514,15.576509,89.670824,100.0,0.0,75.0,65.69,0.0,100.0,58.36,0.0,1853.1,28.48,45.92,55.06,SYNTHETIC_DEMO
ECO-0515,17.021511,93.945949,94.85,11.02,30.74,65.66,11.24,96.74,50.83,26.29,723.8,6.03,39.38,64.64,SYNTHETIC_DEMO
ECO-0516,12.67085,75.905008,74.69,43.96,49.42,53.17,45.01,77.31,59.7,26.67,1951.4,30.16,4.83,63.75,SYNTHETIC_DEMO
ECO-0517,16.475121,71.211003,96.32,16.92,44.52,43.49,5.11,91.39,46.45,9.25,401.5,13.36,50.93,76.71,SYNTHETIC_DEMO
ECO-0518,28.052699,95.725353,100.0,14.6,35.9,1.42,13.25,100.0,46.54,15.93,402.6,5.74,24.84,78.9,SYNTHETIC_DEMO
ECO-0519,8.396437,72.47827,90.63,26.52,48.69,41.69,21.07,76.78,43.47,16.29,986.9,8.73,30.26,69.65,SYNTHETIC_DEMO
ECO-0520,30.333682,73.732342,92.8,13.89,40.17,49.11,9.86,99.51,61.85,17.06,962.4,16.4,28.28,62.39,SYNTHETIC_DEMO
ECO-0521,31.126797,76.448554,100.0,21.0,54.53,35.25,22.95,91.06,63.73,4.83,1970.0,28.66,44.51,80.43,SYNTHETIC_DEMO
ECO-0522,18.051062,83.352349,79.89,47.78,53.31,67.49,34.75,69.66,61.48,34.7,503.6,6.8,23.44,77.49,SYNTHETIC_DEMO
ECO-0523,12.147548,93.601941,86.94,15.25,2.04,1.47,15.64,83.39,58.3,0.0,1589.4,26.22,15.62,97.09,SYNTHETIC_DEMO
ECO-0524,24.222691,90.055835,66.02,40.02,28.96,37.02,29.16,68.72,40.94,32.77,1626.0,27.85,17.85,79.78,SYNTHETIC_DEMO
ECO-0525,11.231159,88.536569,78.92,41.86,28.8,45.88,28.07,62.7,53.8,36.58,461.6,7.1,11.36,76.68,SYNTHETIC_DEMO
ECO-0526,17.852823,73.080236,100.0,21.38,52.89,36.77,3.56,93.42,50.64,18.07,995.4,14.63,33.87,71.61,SYNTHETIC_DEMO
ECO-0527,33.877588,78.372796,84.71,47.08,11.47,0.0,37.36,74.32,26.35,41.7,1909.4,38.96,14.38,100.0,SYNTHETIC_DEMO
ECO-0528,34.877541,81.873743,75.45,48.19,12.65,0.0,43.78,59.1,31.42,55.16,2198.8,38.99,17.06,100.0,SYNTHETIC_DEMO
ECO-0529,28.846832,72.275353,79.36,38.36,62.77,66.21,39.61,61.69,38.66,44.18,968.0,18.69,17.21,77.49,SYNTHETIC_DEMO
ECO-0530,16.395961,75.929461,92.62,36.11,45.86,34.67,12.11,76.92,44.76,25.79,595.1,9.58,19.13,80.44,SYNTHETIC_DEMO
ECO-0531,26.566956,76.941663,62.19,43.11,16.13,0.0,37.15,88.24,32.91,38.25,1031.9,10.45,10.28,100.0,SYNTHETIC_DEMO
ECO-0532,27.045972,71.69101,65.14,45.67,21.63,11.54,26.71,79.9,35.81,37.52,413.4,11.84,14.57,100.0,SYNTHETIC_DEMO
ECO-0533,18.471726,83.956951,85.18,39.74,38.81,25.82,16.52,76.45,55.16,34.82,57.8,1.59,34.81,79.26,SYNTHETIC_DEMO
ECO-0534,25.303993,88.445818,81.05,0.0,21.71,8.38,16.78,93.03,66.97,0.0,2707.7,37.73,21.93,88.29,SYNTHETIC_DEMO
ECO-0535,8.289646,70.028017,75.41,56.68,57.6,52.91,51.85,53.0,24.55,36.28,776.6,10.43,15.26,68.84,SYNTHETIC_DEMO
ECO-0536,13.644557,81.95257,82.28,30.9,50.77,45.33,25.79,69.09,36.37,41.13,343.0,0.31,38.42,60.57,SYNTHETIC_DEMO
ECO-0537,22.177384,90.684125,74.32,56.08,16.28,14.78,38.29,85.33,38.55,24.44,2396.0,41.23,29.59,99.66,SYNTHETIC_DEMO
ECO-0538,12.421285,89.691714,85.97,17.28,62.42,50.33,22.98,96.93,64.15,27.36,1479.5,25.61,23.48,64.87,SYNTHETIC_DEMO
ECO-0539,12.479485,91.63712,100.0,0.0,38.61,13.66,14.39,100.0,54.49,9.72,1434.3,22.42,31.16,94.55,SYNTHETIC_DEMO
ECO-0540,30.580216,80.998978,85.88,32.18,23.02,30.86,27.24,80.01,41.27,17.22,2153.8,32.09,27.46,93.79,SYNTHETIC_DEMO
ECO-0541,34.706591,91.796155,100.0,36.84,52.81,69.48,4.47,78.92,64.73,1.01,2902.5,40.13,33.57,56.93,SYNTHETIC_DEMO
ECO-0542,23.011175,74.981839,93.47,27.7,55.83,38.22,36.37,80.82,62.62,17.25,790.6,1.21,26.06,68.35,SYNTHETIC_DEMO
ECO-0543,30.654883,78.463506,96.44,16.53,69.36,42.36,23.08,98.96,62.47,37.83,901.4,6.46,42.2,57.42,SYNTHETIC_DEMO
ECO-0544,34.738685,73.114312,92.04,13.28,24.8,7.04,4.84,95.09,45.63,2.09,2498.3,33.76,42.99,86.31,SYNTHETIC_DEMO
ECO-0545,11.823089,81.557052,72.06,47.14,20.66,28.59,12.36,100.0,54.02,15.01,2361.9,30.96,9.14,90.23,SYNTHETIC_DEMO
ECO-0546,20.102632,79.369741,98.47,15.82,38.48,20.13,18.41,100.0,56.99,7.8,2794.0,43.36,46.01,90.71,SYNTHETIC_DEMO
ECO-0547,18.599463,74.986886,76.7,47.89,28.84,30.03,34.66,77.12,44.7,56.14,534.2,12.07,10.05,75.62,SYNTHETIC_DEMO
ECO-0548,10.161331,89.801641,100.0,13.23,60.16,70.56,9.35,100.0,59.85,5.89,2488.4,36.68,49.27,69.46,SYNTHETIC_DEMO
ECO-0549,28.393915,77.101556,83.28,9.99,15.22,19.96,21.13,89.72,58.13,9.7,1081.6,23.27,37.2,97.78,SYNTHETIC_DEMO
ECO-0550,19.712034,75.911326,100.0,26.38,61.36,53.85,4.62,100.0,66.02,26.59,2157.3,28.44,44.5,61.67,SYNTHETIC_DEMO
ECO-0551,20.671827,71.79582,89.78,33.52,51.88,53.59,9.39,81.04,65.75,28.94,2484.4,36.59,31.13,53.12,SYNTHETIC_DEMO
ECO-0552,12.06817,80.725829,93.21,36.63,49.05,37.99,22.35,100.0,72.2,14.13,181.3,2.47,36.68,88.49,SYNTHETIC_DEMO
ECO-0553,12.88502,76.785974,84.95,43.21,39.67,27.15,19.45,83.57,54.34,16.43,680.9,15.67,20.63,89.48,SYNTHETIC_DEMO
ECO-0554,32.491798,78.708912,71.85,51.02,43.29,34.68,38.93,67.06,38.21,55.42,1882.9,28.77,18.11,81.75,SYNTHETIC_DEMO
ECO-0555,9.205525,74.843921,100.0,12.83,21.38,28.47,0.0,98.44,67.86,11.58,2208.1,33.79,32.05,82.44,SYNTHETIC_DEMO
ECO-0556,14.287012,90.131509,82.1,35.53,60.09,48.55,24.41,94.44,61.5,15.88,452.8,0.0,33.76,63.76,SYNTHETIC_DEMO
ECO-0557,15.885602,94.970097,100.0,0.0,40.58,35.38,8.03,94.54,84.38,0.0,2552.1,33.78,30.82,77.15,SYNTHETIC_DEMO
ECO-0558,21.235334,82.440024,100.0,17.75,48.1,66.15,15.24,100.0,67.36,1.62,1172.0,23.06,35.53,54.74,SYNTHETIC_DEMO
ECO-0559,23.83402,86.646954,93.78,33.41,50.8,39.81,9.28,86.65,62.64,7.55,1287.3,8.93,21.62,72.31,SYNTHETIC_DEMO
ECO-0560,21.318829,93.147996,100.0,18.22,42.3,42.26,0.0,94.54,61.41,0.0,1312.0,26.4,41.64,65.06,SYNTHETIC_DEMO
ECO-0561,10.271114,96.966059,100.0,36.75,77.61,51.29,21.78,74.68,53.52,16.98,2765.7,43.98,21.08,62.46,SYNTHETIC_DEMO
ECO-0562,14.579021,85.791978,74.78,46.27,50.94,41.61,33.13,60.45,39.28,22.91,652.1,6.04,14.63,77.85,SYNTHETIC_DEMO
ECO-0563,30.776886,93.803605,91.2,35.91,65.34,63.61,31.51,82.05,59.4,29.97,1839.9,23.44,21.69,66.06,SYNTHETIC_DEMO
ECO-0564,25.214895,94.349639,75.52,30.16,18.89,15.94,16.63,73.92,48.11,40.09,757.6,20.84,30.71,100.0,SYNTHETIC_DEMO
ECO-0565,25.527024,90.952093,100.0,34.25,64.33,61.42,24.12,84.51,71.63,25.11,2639.2,46.64,29.6,63.5,SYNTHETIC_DEMO
ECO-0566,26.095488,81.36701,100.0,18.59,42.73,49.88,28.89,100.0,66.21,18.5,2280.1,33.6,28.97,61.26,SYNTHETIC_DEMO
ECO-0567,28.598382,70.353466,100.0,5.61,40.36,67.76,3.5,100.0,58.98,7.27,1364.9,21.15,49.07,57.11,SYNTHETIC_DEMO
ECO-0568,9.568929,68.458361,100.0,1.68,27.5,37.85,0.0,100.0,56.56,1.62,653.3,6.57,53.74,73.25,SYNTHETIC_DEMO
ECO-0569,17.898426,81.838818,93.12,27.32,53.11,48.89,25.99,66.8,38.46,34.1,1364.2,21.14,31.12,46.36,SYNTHETIC_DEMO
ECO-0570,22.567241,82.335121,61.15,61.79,0.0,21.39,61.11,57.43,52.2,51.8,1236.6,15.18,5.78,95.9,SYNTHETIC_DEMO
ECO-0571,17.138325,79.813509,100.0,10.26,49.03,32.99,0.0,100.0,57.21,1.86,1893.5,28.01,56.44,54.58,SYNTHETIC_DEMO
ECO-0572,30.80093,84.476853,84.4,28.59,9.88,5.03,22.15,91.13,59.52,53.29,1737.5,35.11,27.52,90.25,SYNTHETIC_DEMO
ECO-0573,21.029458,84.012718,78.26,49.84,18.33,28.56,27.28,71.38,46.82,43.24,1184.6,17.29,20.38,88.7,SYNTHETIC_DEMO
ECO-0574,28.752945,92.261778,75.42,42.62,20.54,29.0,33.58,64.22,45.62,27.29,2239.4,28.35,11.89,89.24,SYNTHETIC_DEMO
ECO-0575,31.004419,71.151056,88.95,34.17,19.79,22.88,22.68,83.93,49.47,28.91,1535.1,16.19,28.71,79.12,SYNTHETIC_DEMO
ECO-0576,21.62937,74.530152,85.24,48.46,47.71,3.41,35.31,81.93,41.88,22.18,364.2,6.1,12.35,80.9,SYNTHETIC_DEMO
ECO-0577,32.557911,90.997144,89.12,43.1,60.18,53.18,26.86,73.37,42.81,36.36,975.9,10.83,24.57,80.82,SYNTHETIC_DEMO
ECO-0578,23.852346,92.587269,64.36,56.75,10.09,19.89,48.18,73.08,57.87,27.83,1304.4,20.8,20.65,82.74,SYNTHETIC_DEMO
ECO-0579,30.957406,96.849902,100.0,23.93,52.67,54.8,3.1,94.96,62.08,0.0,2188.6,24.73,54.15,59.01,SYNTHETIC_DEMO
ECO-0580,17.195951,93.314448,53.92,49.94,4.82,12.73,35.83,54.13,41.71,45.86,565.7,11.94,4.95,98.18,SYNTHETIC_DEMO
ECO-0581,21.468058,93.807071,100.0,0.0,46.47,50.41,0.0,100.0,76.51,11.02,1592.7,18.59,30.53,50.76,SYNTHETIC_DEMO
ECO-0582,22.348098,77.11609,79.19,38.11,39.93,52.15,14.22,58.6,41.19,40.61,1066.5,16.23,13.21,67.0,SYNTHETIC_DEMO
ECO-0583,10.834452,79.648187,100.0,7.78,45.46,17.73,5.44,100.0,63.25,12.43,1680.8,23.52,34.05,69.18,SYNTHETIC_DEMO
ECO-0584,18.760918,75.774468,97.63,0.0,46.36,47.64,27.71,100.0,62.08,15.68,306.7,13.19,39.74,68.92,SYNTHETIC_DEMO
ECO-0585,32.768117,85.582683,100.0,0.0,51.73,51.98,4.72,91.55,50.04,2.59,1535.5,23.89,38.65,63.24,SYNTHETIC_DEMO
ECO-0586,25.03247,95.225355,88.51,19.9,53.07,39.92,24.18,89.91,55.25,16.4,141.3,11.85,32.11,71.06,SYNTHETIC_DEMO
ECO-0587,12.792678,77.994586,97.67,29.08,31.5,18.27,7.92,77.87,57.56,22.69,957.1,17.16,47.49,93.79,SYNTHETIC_DEMO
ECO-0588,17.149102,84.153052,89.31,16.28,13.72,44.23,4.97,100.0,52.18,17.63,137.2,9.19,38.41,62.06,SYNTHETIC_DEMO
ECO-0589,13.173281,76.592689,92.76,19.96,51.76,51.08,26.72,86.49,53.68,21.42,1228.4,17.38,36.88,61.47,SYNTHETIC_DEMO
ECO-0590,8.670225,72.924199,68.23,31.91,33.95,22.48,38.93,100.0,48.25,20.77,2012.0,31.91,12.08,94.62,SYNTHETIC_DEMO
ECO-0591,33.041432,73.66038,87.78,46.13,55.97,50.94,43.58,84.95,76.58,53.16,925.7,19.98,14.31,76.01,SYNTHETIC_DEMO
ECO-0592,20.101598,69.680415,65.83,45.23,47.51,9.38,44.44,55.79,18.13,42.19,1863.1,32.47,0.27,100.0,SYNTHETIC_DEMO
ECO-0593,16.303447,95.529512,75.14,30.62,66.85,63.22,26.92,57.94,49.24,30.9,1538.5,25.73,11.9,76.15,SYNTHETIC_DEMO
ECO-0594,24.158884,79.683509,100.0,0.0,31.35,0.0,6.45,96.85,52.39,10.79,1375.6,19.0,34.41,100.0,SYNTHETIC_DEMO
ECO-0595,8.19749,92.189506,76.0,15.6,43.31,0.61,6.4,82.09,37.66,11.8,1355.7,19.54,24.43,100.0,SYNTHETIC_DEMO
ECO-0596,15.506597,87.758555,91.39,39.75,69.83,67.9,18.78,86.3,55.93,31.15,866.6,18.69,20.96,59.79,SYNTHETIC_DEMO
ECO-0597,26.981904,73.565714,100.0,6.34,63.24,61.52,0.0,100.0,70.37,7.33,2035.8,37.27,47.45,50.62,SYNTHETIC_DEMO
ECO-0598,25.111784,73.088405,100.0,13.95,70.59,55.1,14.74,100.0,71.07,18.1,2334.0,32.05,51.86,59.32,SYNTHETIC_DEMO
ECO-0599,34.508761,91.547658,88.82,43.5,50.94,49.68,31.74,63.62,52.66,60.88,2418.4,32.56,42.17,52.67,SYNTHETIC_DEMO
ECO-0600,24.749658,75.67664,60.66,43.35,28.08,23.49,24.48,61.49,48.92,49.58,750.0,6.73,14.96,90.83,SYNTHETIC_DEMO
ECO-0601,20.892659,94.48527,80.12,29.06,15.33,13.42,17.0,89.18,62.34,13.04,2104.3,35.71,22.72,73.12,SYNTHETIC_DEMO
ECO-0602,28.558679,72.061607,81.96,45.48,15.9,3.06,22.88,89.23,56.72,37.42,910.1,9.0,23.19,97.56,SYNTHETIC_DEMO
ECO-0603,32.389853,87.65355,89.13,31.04,27.68,41.72,5.89,91.48,49.28,22.23,1449.4,25.83,40.39,78.13,SYNTHETIC_DEMO
ECO-0604,27.458791,91.619742,72.57,45.57,7.43,4.97,26.78,62.78,44.12,47.25,593.1,11.63,0.0,100.0,SYNTHETIC_DEMO
ECO-0605,34.006703,74.822435,100.0,0.0,70.78,66.76,0.0,100.0,69.35,0.0,979.8,11.97,60.26,60.13,SYNTHETIC_DEMO
ECO-0606,29.11414,76.010014,86.83,12.21,7.15,1.88,0.86,99.27,43.37,7.78,1883.2,36.07,23.21,92.31,SYNTHETIC_DEMO
ECO-0607,31.403639,95.971048,79.21,36.02,0.0,16.99,33.88,75.73,28.26,28.66,2614.9,31.91,13.31,100.0,SYNTHETIC_DEMO
ECO-0608,11.08081,75.673331,100.0,15.94,5.0,15.21,0.0,71.24,28.61,9.89,211.2,11.47,31.21,91.42,SYNTHETIC_DEMO
ECO-0609,27.775165,80.468754,85.43,41.91,1.51,19.34,5.64,84.91,49.52,18.64,1824.1,28.96,22.12,100.0,SYNTHETIC_DEMO
ECO-0610,19.882395,80.542952,88.87,36.71,9.44,13.77,14.0,94.09,55.68,21.91,1825.8,17.02,18.58,76.67,SYNTHETIC_DEMO
ECO-0611,22.933803,75.338008,74.77,54.27,45.47,48.39,35.78,68.58,34.01,45.01,2490.9,45.32,16.0,71.02,SYNTHETIC_DEMO
ECO-0612,25.660765,90.497942,56.39,39.79,24.09,10.47,39.26,64.74,47.26,51.51,1514.8,27.58,12.47,100.0,SYNTHETIC_DEMO
ECO-0613,34.185008,90.383631,82.02,33.92,54.76,21.61,14.56,80.27,52.26,21.8,800.6,9.87,29.83,75.26,SYNTHETIC_DEMO
ECO-0614,34.583608,78.971222,90.07,44.86,64.72,64.12,19.36,70.53,66.07,29.7,733.5,6.18,32.47,63.71,SYNTHETIC_DEMO
ECO-0615,15.782163,92.218648,99.83,11.08,56.3,45.43,9.44,100.0,64.69,20.15,1879.9,20.35,35.96,73.2,SYNTHETIC_DEMO
ECO-0616,27.811344,74.179173,94.87,34.56,54.03,51.65,13.65,93.64,48.09,13.88,971.8,26.65,39.29,54.78,SYNTHETIC_DEMO
ECO-0617,28.249556,68.124867,100.0,14.94,32.47,21.18,22.42,98.8,62.88,22.11,2558.6,33.76,44.98,81.89,SYNTHETIC_DEMO
ECO-0618,17.355307,84.563853,56.89,40.17,24.17,23.51,33.36,76.44,45.45,50.27,2650.6,33.44,13.06,100.0,SYNTHETIC_DEMO
ECO-0619,11.344484,96.828255,71.13,51.59,32.04,18.76,32.61,69.28,36.3,50.39,2465.3,38.32,16.66,100.0,SYNTHETIC_DEMO
ECO-0620,9.105568,69.120685,85.09,47.2,63.35,69.21,58.57,62.87,35.35,48.64,817.0,4.07,33.71,59.24,SYNTHETIC_DEMO
ECO-0621,28.988264,74.031944,70.3,45.83,53.79,47.86,33.22,69.53,45.65,35.22,2093.7,26.5,23.35,94.6,SYNTHETIC_DEMO
ECO-0622,21.221893,83.048525,81.48,54.91,0.0,31.79,41.93,51.37,28.55,45.76,2209.4,38.12,34.9,86.54,SYNTHETIC_DEMO
ECO-0623,34.609585,91.488281,100.0,11.15,31.29,28.34,14.45,100.0,70.72,15.1,393.7,8.23,46.94,68.91,SYNTHETIC_DEMO
ECO-0624,20.554283,70.582218,82.34,53.12,47.14,51.44,42.58,50.88,40.13,38.06,824.4,10.43,22.0,86.66,SYNTHETIC_DEMO
ECO-0625,34.403758,79.461805,100.0,31.53,58.23,34.38,22.89,74.02,71.14,39.61,705.2,10.67,26.31,77.58,SYNTHETIC_DEMO
ECO-0626,19.112552,89.665198,79.32,26.85,58.27,51.77,19.83,68.73,24.82,25.67,1270.5,16.85,25.63,72.61,SYNTHETIC_DEMO
ECO-0627,29.429418,78.774753,95.21,32.02,40.1,62.91,21.33,82.55,58.77,16.69,2590.0,38.54,32.74,59.17,SYNTHETIC_DEMO
ECO-0628,10.29012,73.476256,100.0,11.17,63.85,50.53,6.23,100.0,76.02,33.47,2062.1,27.12,42.33,60.09,SYNTHETIC_DEMO
ECO-0629,22.997466,73.669379,92.17,10.85,31.62,68.29,14.53,95.06,49.08,14.7,890.5,10.46,30.53,71.74,SYNTHETIC_DEMO
ECO-0630,29.655614,79.891415,97.15,2.49,5.28,15.2,29.16,100.0,54.59,3.09,1686.0,22.24,41.56,95.16,SYNTHETIC_DEMO
ECO-0631,32.966945,81.903095,87.76,17.58,12.75,0.0,16.83,100.0,48.97,0.0,645.4,6.05,19.55,95.58,SYNTHETIC_DEMO
ECO-0632,30.209743,92.992618,100.0,15.48,59.12,64.12,20.42,91.7,55.32,37.8,614.2,14.43,26.49,42.77,SYNTHETIC_DEMO
ECO-0633,8.99821,86.62532,87.05,49.46,18.35,32.05,41.57,61.1,48.53,60.0,315.8,8.59,20.61,83.03,SYNTHETIC_DEMO
ECO-0634,18.062963,88.021657,85.83,40.32,36.44,25.67,15.49,73.95,34.85,37.62,1352.6,15.63,16.93,81.29,SYNTHETIC_DEMO
ECO-0635,9.314859,96.506628,72.41,34.98,48.28,37.48,19.77,83.8,48.03,37.0,1850.0,21.78,13.69,65.56,SYNTHETIC_DEMO
ECO-0636,10.950622,79.94346,74.42,21.18,22.07,0.43,28.32,81.83,48.93,33.56,2460.3,36.12,13.31,100.0,SYNTHETIC_DEMO
ECO-0637,26.233252,79.697278,100.0,24.48,49.48,44.77,31.13,83.52,56.13,28.81,2426.0,47.17,31.95,83.45,SYNTHETIC_DEMO
ECO-0638,27.257971,94.777062,96.17,31.66,20.43,27.84,0.19,100.0,46.21,11.69,990.9,9.73,32.81,100.0,SYNTHETIC_DEMO
ECO-0639,28.890458,75.130392,56.23,56.82,49.68,57.17,30.53,78.85,56.06,42.9,2179.0,31.88,10.33,74.6,SYNTHETIC_DEMO
ECO-0640,31.367327,89.164642,100.0,22.47,60.33,35.95,28.76,84.6,63.03,19.61,1050.4,16.2,34.73,70.93,SYNTHETIC_DEMO
ECO-0641,27.96465,89.882621,78.23,45.77,0.0,24.04,29.31,67.39,32.13,25.65,1173.8,17.06,17.16,94.83,SYNTHETIC_DEMO
ECO-0642,29.623533,70.835852,62.01,39.66,0.0,5.73,50.53,67.36,23.07,45.3,1164.4,15.18,15.07,100.0,SYNTHETIC_DEMO
ECO-0643,9.32202,81.578711,100.0,36.33,53.27,57.9,22.19,90.12,50.68,40.91,175.0,8.4,47.51,59.55,SYNTHETIC_DEMO
ECO-0644,14.332449,73.816312,62.24,50.12,0.0,16.95,38.33,78.82,46.42,38.2,870.7,15.33,8.35,100.0,SYNTHETIC_DEMO
ECO-0645,24.79124,73.375883,82.51,28.52,7.1,4.79,9.76,100.0,53.9,9.97,1073.1,20.33,25.64,81.16,SYNTHETIC_DEMO
ECO-0646,31.169383,81.451015,83.44,41.46,45.02,56.75,42.77,64.01,55.52,46.45,607.0,12.05,21.44,68.69,SYNTHETIC_DEMO
ECO-0647,8.121503,76.393462,95.63,41.59,15.82,29.57,39.76,72.58,45.92,28.64,2406.1,40.56,27.98,99.7,SYNTHETIC_DEMO
ECO-0648,21.894992,91.085753,92.07,47.36,26.15,27.92,18.8,79.15,41.41,21.6,1159.0,25.31,25.21,82.12,SYNTHETIC_DEMO
ECO-0649,26.28676,94.320542,81.96,42.73,25.72,15.58,22.44,71.47,53.59,41.43,1535.0,29.68,29.71,93.98,SYNTHETIC_DEMO
ECO-0650,8.799397,91.278898,87.95,47.68,50.25,70.6,40.58,69.3,45.84,35.43,3028.8,57.06,11.63,71.38,SYNTHETIC_DEMO
ECO-0651,18.8366,75.714895,74.14,52.05,12.47,16.13,37.34,58.57,40.95,45.51,1497.3,28.55,8.67,100.0,SYNTHETIC_DEMO
ECO-0652,32.182142,75.949897,74.83,18.16,16.42,17.61,13.55,62.36,24.02,12.74,1621.4,20.97,23.65,81.8,SYNTHETIC_DEMO
ECO-0653,26.133546,75.387122,80.07,60.6,20.33,24.43,41.57,72.61,39.2,51.56,2752.4,45.52,16.17,81.52,SYNTHETIC_DEMO
ECO-0654,14.416776,71.916105,66.94,65.11,0.0,8.33,42.05,71.36,50.27,44.62,551.4,11.82,4.07,90.54,SYNTHETIC_DEMO
ECO-0655,31.025091,95.370153,91.42,33.05,30.07,15.69,12.64,100.0,48.87,17.6,750.3,20.86,17.31,73.95,SYNTHETIC_DEMO
ECO-0656,17.396848,79.659386,62.31,44.93,0.29,2.57,40.22,64.57,43.92,31.31,1706.2,20.76,10.96,94.68,SYNTHETIC_DEMO
ECO-0657,31.040306,74.515995,92.41,21.95,30.71,7.9,2.86,78.94,25.06,12.74,1471.5,24.86,20.78,87.47,SYNTHETIC_DEMO
ECO-0658,16.071479,92.55346,86.9,38.18,36.46,17.27,12.8,80.66,44.5,30.24,2191.3,29.46,11.32,97.88,SYNTHETIC_DEMO
ECO-0659,23.938647,79.576664,82.62,17.23,75.75,55.74,7.56,82.58,52.51,7.26,64.8,3.53,46.84,50.1,SYNTHETIC_DEMO
ECO-0660,18.717382,69.018388,93.9,11.01,0.0,5.85,9.13,87.12,67.61,11.49,1855.4,26.76,32.88,100.0,SYNTHETIC_DEMO
ECO-0661,15.420276,72.696306,77.05,48.91,9.9,24.45,23.2,76.23,32.57,39.22,1959.9,31.8,12.42,91.36,SYNTHETIC_DEMO
ECO-0662,31.937054,86.53826,100.0,22.31,45.63,65.76,6.72,89.68,67.7,24.46,2777.5,34.61,33.38,62.32,SYNTHETIC_DEMO
ECO-0663,13.065029,90.704253,100.0,27.72,51.0,39.6,3.14,100.0,74.47,15.82,555.3,12.3,39.56,75.72,SYNTHETIC_DEMO
ECO-0664,10.289913,74.117097,100.0,12.76,63.33,52.46,13.16,79.26,48.36,16.31,605.8,10.12,50.0,57.44,SYNTHETIC_DEMO
ECO-0665,17.232027,94.604472,88.26,19.67,37.36,13.03,0.0,84.28,46.02,9.8,2354.6,36.08,11.75,100.0,SYNTHETIC_DEMO
ECO-0666,27.376257,92.678916,80.54,51.06,13.35,31.58,21.01,67.04,45.86,60.92,1837.3,37.31,5.86,92.64,SYNTHETIC_DEMO
ECO-0667,29.800653,92.603042,78.86,61.64,8.22,14.03,15.87,77.16,30.16,35.35,377.4,3.75,7.84,100.0,SYNTHETIC_DEMO
ECO-0668,34.966071,74.602173,100.0,11.56,16.1,7.62,6.64,100.0,51.73,5.84,1080.1,17.91,35.31,97.98,SYNTHETIC_DEMO
ECO-0669,16.001776,69.465544,75.63,38.18,34.08,25.59,5.75,88.12,61.9,29.52,2276.7,34.65,16.7,91.63,SYNTHETIC_DEMO
ECO-0670,19.014433,93.155283,68.44,23.81,18.76,38.19,21.41,100.0,58.1,17.79,1411.8,22.17,28.39,93.91,SYNTHETIC_DEMO
ECO-0671,11.694175,76.868207,77.86,30.35,6.22,34.46,41.22,76.46,44.43,30.83,1897.9,39.58,29.07,94.62,SYNTHETIC_DEMO
ECO-0672,23.521542,85.948575,100.0,34.47,48.05,41.95,32.39,100.0,62.24,22.71,2351.9,35.6,37.45,78.52,SYNTHETIC_DEMO
ECO-0673,34.934661,90.03904,86.45,30.07,0.4,27.96,0.0,80.26,54.46,6.81,1050.6,12.92,31.21,85.47,SYNTHETIC_DEMO
ECO-0674,26.923787,71.720504,96.05,34.06,20.67,31.03,20.09,77.56,58.46,26.27,906.4,22.95,31.55,96.45,SYNTHETIC_DEMO
ECO-0675,24.070747,90.644312,94.02,43.21,53.57,59.41,11.38,90.74,53.07,8.49,1400.9,19.47,33.2,55.67,SYNTHETIC_DEMO
ECO-0676,18.593966,95.216832,100.0,17.83,62.68,45.93,5.6,72.41,70.85,38.41,2323.4,26.83,27.81,60.3,SYNTHETIC_DEMO
ECO-0677,32.713067,89.122874,84.6,25.97,22.9,31.01,17.7,92.94,65.42,29.47,955.9,10.63,16.77,100.0,SYNTHETIC_DEMO
ECO-0678,21.416748,80.79546,83.39,46.44,31.72,35.07,43.4,72.55,55.1,45.61,1961.4,23.19,10.6,55.79,SYNTHETIC_DEMO
ECO-0679,11.627907,93.423666,80.8,39.99,29.37,25.27,34.97,85.24,40.12,17.71,551.8,0.0,16.35,98.22,SYNTHETIC_DEMO
ECO-0680,17.865219,83.296271,100.0,32.8,13.21,0.0,4.8,94.04,43.54,6.45,603.7,7.24,30.83,100.0,SYNTHETIC_DEMO
ECO-0681,9.8135,89.598357,65.67,41.15,38.5,40.41,40.22,71.1,41.86,51.95,2261.2,33.57,6.45,69.15,SYNTHETIC_DEMO
ECO-0682,13.453434,91.794672,64.69,43.03,12.18,27.54,12.74,73.15,40.43,77.57,633.8,15.41,8.71,100.0,SYNTHETIC_DEMO
ECO-0683,8.477057,89.731233,100.0,13.94,38.61,21.95,0.0,96.47,40.51,18.09,177.1,5.8,31.31,79.8,SYNTHETIC_DEMO
ECO-0684,20.238558,76.347791,100.0,35.63,54.01,43.53,12.15,76.72,57.83,35.5,2140.5,35.03,22.1,79.43,SYNTHETIC_DEMO
ECO-0685,25.132587,71.417473,94.68,29.9,27.65,14.32,11.57,100.0,68.39,18.4,1224.7,13.9,25.2,96.35,SYNTHETIC_DEMO
ECO-0686,17.268896,74.911817,69.4,49.16,22.86,3.93,28.43,73.38,46.07,25.36,1528.0,27.35,1.96,100.0,SYNTHETIC_DEMO
ECO-0687,19.350308,82.583373,100.0,22.15,21.17,23.32,6.94,95.18,50.27,20.54,2214.4,40.17,40.3,100.0,SYNTHETIC_DEMO
ECO-0688,33.89865,82.653031,100.0,36.61,54.13,54.2,21.75,78.96,50.27,19.11,776.4,13.62,34.51,55.18,SYNTHETIC_DEMO
ECO-0689,28.303004,84.896686,98.5,15.1,41.53,41.95,9.38,100.0,63.78,0.0,1566.0,25.6,45.12,75.69,SYNTHETIC_DEMO
ECO-0690,22.603129,79.457953,90.49,26.01,26.05,17.43,24.72,81.62,49.39,11.42,750.4,4.93,23.62,80.0,SYNTHETIC_DEMO
ECO-0691,15.682604,90.81985,74.64,59.35,0.0,0.0,38.5,60.05,41.5,53.48,327.3,10.18,4.49,100.0,SYNTHETIC_DEMO
ECO-0692,32.218914,94.481459,100.0,20.4,57.39,49.29,10.5,75.77,59.75,16.25,2076.0,40.04,51.37,80.04,SYNTHETIC_DEMO
ECO-0693,14.347622,75.155027,74.24,66.38,17.38,8.9,38.53,67.59,50.68,41.82,814.8,13.84,0.0,100.0,SYNTHETIC_DEMO
ECO-0694,16.784254,89.359173,71.81,64.66,29.02,24.86,47.03,69.34,32.86,46.38,2375.2,32.66,23.81,74.69,SYNTHETIC_DEMO
ECO-0695,32.54475,87.661184,79.5,51.29,54.07,58.39,28.13,76.94,52.69,27.96,2556.1,37.53,34.84,64.24,SYNTHETIC_DEMO
ECO-0696,22.297635,83.169624,100.0,17.09,36.43,29.3,5.21,100.0,55.6,0.71,2161.7,30.32,44.16,96.05,SYNTHETIC_DEMO
ECO-0697,28.042585,73.467377,72.05,47.29,28.41,16.54,44.5,79.88,43.98,33.26,1262.9,17.14,10.67,88.19,SYNTHETIC_DEMO
ECO-0698,23.950109,91.061735,100.0,1.04,0.0,9.05,0.0,100.0,64.12,0.0,1142.8,20.38,46.48,100.0,SYNTHETIC_DEMO
ECO-0699,25.642859,95.858162,74.18,27.69,5.81,0.56,35.68,100.0,58.53,16.04,2280.6,35.61,15.9,95.09,SYNTHETIC_DEMO
ECO-0700,16.083349,88.933254,86.74,50.05,26.4,19.95,19.07,79.33,63.77,26.88,1329.7,24.97,13.75,99.49,SYNTHETIC_DEMO
ECO-0701,14.517046,94.61794,78.71,37.44,63.6,75.38,23.85,92.58,60.54,36.9,1500.7,24.37,23.92,54.88,SYNTHETIC_DEMO
ECO-0702,16.707293,96.541373,79.25,37.95,11.78,16.31,12.26,82.25,45.83,29.76,1912.3,24.36,16.18,84.94,SYNTHETIC_DEMO
ECO-0703,12.196922,78.20947,96.94,31.02,10.57,37.19,35.91,78.97,51.14,7.97,675.5,7.63,27.21,67.12,SYNTHETIC_DEMO
ECO-0704,31.606488,86.508483,100.0,38.23,29.95,42.74,23.4,80.08,38.52,33.04,922.9,11.03,37.9,69.01,SYNTHETIC_DEMO
ECO-0705,15.647667,81.744049,68.61,39.41,5.82,13.68,24.54,82.74,55.98,50.62,1539.8,22.16,4.55,100.0,SYNTHETIC_DEMO
ECO-0706,23.160214,96.612234,77.67,43.5,15.27,6.52,16.04,100.0,47.73,11.33,1560.2,32.38,19.87,99.3,SYNTHETIC_DEMO
ECO-0707,29.383309,70.720427,65.42,57.48,41.16,11.23,37.38,79.19,48.48,45.57,1040.0,25.37,0.0,84.22,SYNTHETIC_DEMO
ECO-0708,29.163251,79.958873,100.0,11.67,54.9,40.87,4.76,100.0,68.49,10.97,1807.4,31.29,40.7,66.31,SYNTHETIC_DEMO
ECO-0709,19.836429,93.390632,73.84,13.27,35.62,40.93,8.56,100.0,40.4,19.03,2006.9,30.7,19.77,66.97,SYNTHETIC_DEMO
ECO-0710,20.858947,76.237488,78.94,33.98,47.23,56.74,0.0,81.26,42.22,28.67,1497.7,15.66,16.34,75.7,SYNTHETIC_DEMO
ECO-0711,34.856947,90.845993,100.0,50.18,65.59,57.63,34.59,52.41,64.87,39.76,993.5,16.0,27.7,75.13,SYNTHETIC_DEMO
ECO-0712,26.214132,79.100712,100.0,18.56,45.95,62.58,8.83,100.0,65.49,11.88,2122.2,27.88,49.89,61.76,SYNTHETIC_DEMO
ECO-0713,29.995238,96.419378,98.8,32.84,65.35,73.75,19.3,93.12,56.75,13.7,2225.0,41.53,47.99,51.89,SYNTHETIC_DEMO
ECO-0714,32.368957,93.622365,100.0,10.95,40.8,48.94,17.97,100.0,61.28,7.36,2841.5,34.59,47.6,78.12,SYNTHETIC_DEMO
ECO-0715,29.264926,76.73829,83.3,49.81,69.55,57.54,30.75,70.15,61.25,25.84,977.6,16.59,23.69,64.46,SYNTHETIC_DEMO
ECO-0716,12.999842,90.3356,100.0,0.0,62.39,59.86,16.09,100.0,72.67,23.9,2636.4,35.18,40.27,48.17,SYNTHETIC_DEMO
ECO-0717,23.17861,77.76884,100.0,23.98,40.29,42.83,6.6,86.38,43.56,31.78,1999.7,29.95,42.22,73.18,SYNTHETIC_DEMO
ECO-0718,10.751142,85.584522,80.29,61.36,46.83,54.49,45.31,72.79,66.27,35.99,2031.1,33.8,15.8,59.44,SYNTHETIC_DEMO
ECO-0719,25.628897,87.095942,100.0,4.48,72.08,66.83,0.0,82.22,68.67,0.0,1191.4,22.98,55.45,46.67,SYNTHETIC_DEMO
ECO-0720,33.794435,92.058267,95.12,0.0,29.94,18.89,8.36,86.37,52.92,21.26,686.2,9.99,39.18,76.22,SYNTHETIC_DEMO
ECO-0721,21.843766,68.709074,85.29,34.62,36.76,41.81,18.28,97.5,45.04,11.67,1482.8,26.05,22.45,65.56,SYNTHETIC_DEMO
ECO-0722,19.690257,74.384579,67.67,60.57,24.97,32.3,47.12,89.13,59.35,20.7,888.1,10.01,9.7,81.29,SYNTHETIC_DEMO
ECO-0723,8.967754,88.645617,85.21,3.29,61.58,66.62,16.46,99.85,64.53,9.97,961.7,15.65,31.12,67.52,SYNTHETIC_DEMO
ECO-0724,33.913912,84.342174,76.56,38.36,27.48,14.66,32.84,100.0,38.88,17.78,2901.1,48.53,13.32,93.49,SYNTHETIC_DEMO
ECO-0725,10.781072,82.372547,100.0,0.0,52.06,52.83,0.0,100.0,60.88,0.0,779.6,13.36,40.18,66.7,SYNTHETIC_DEMO
ECO-0726,9.109136,69.601089,74.58,46.55,34.52,49.83,40.22,74.15,80.14,37.44,2395.2,33.28,33.69,70.51,SYNTHETIC_DEMO
ECO-0727,14.643799,78.100001,90.98,39.55,60.8,73.24,22.3,79.08,56.25,46.36,1362.6,19.04,22.21,56.29,SYNTHETIC_DEMO
ECO-0728,9.769322,93.087907,87.52,0.0,21.39,16.9,8.91,100.0,46.95,15.22,1638.4,29.65,42.23,64.78,SYNTHETIC_DEMO
ECO-0729,20.288182,68.895892,67.02,26.15,44.78,62.73,20.89,81.17,38.12,17.6,606.9,3.64,22.76,70.55,SYNTHETIC_DEMO
ECO-0730,21.934371,79.496651,68.98,56.28,48.87,56.94,42.52,61.57,61.01,23.69,1733.3,21.28,34.55,48.97,SYNTHETIC_DEMO
ECO-0731,16.439389,95.4093,100.0,3.68,75.13,61.33,2.6,98.76,72.47,7.66,1320.0,22.81,43.54,29.31,SYNTHETIC_DEMO
ECO-0732,9.375933,69.475541,100.0,20.55,69.85,64.36,3.06,100.0,78.14,13.87,2497.7,35.27,41.48,52.99,SYNTHETIC_DEMO
ECO-0733,11.01321,89.741467,100.0,28.72,45.49,36.72,28.23,85.14,58.76,30.68,272.5,0.0,25.22,79.43,SYNTHETIC_DEMO
ECO-0734,18.381618,75.470766,92.08,6.02,38.52,46.45,30.2,90.57,68.52,37.25,606.7,15.85,28.73,68.65,SYNTHETIC_DEMO
ECO-0735,9.634268,93.131656,100.0,27.46,10.51,0.74,3.68,92.09,45.82,3.19,2307.1,29.11,42.77,100.0,SYNTHETIC_DEMO
ECO-0736,26.851123,89.635971,100.0,37.25,51.37,59.35,0.0,94.35,64.68,0.0,813.7,11.21,44.22,57.9,SYNTHETIC_DEMO
ECO-0737,13.589555,93.68545,97.42,25.56,16.37,21.04,11.73,100.0,59.77,0.0,1567.2,20.41,42.52,86.2,SYNTHETIC_DEMO
ECO-0738,16.155932,74.261819,84.96,13.33,48.42,59.34,17.48,73.36,64.32,28.67,411.2,4.68,19.49,81.95,SYNTHETIC_DEMO
ECO-0739,18.641396,83.40749,87.06,25.26,41.25,36.17,25.36,64.03,52.12,32.34,437.4,2.14,33.51,82.48,SYNTHETIC_DEMO
ECO-0740,19.24846,90.598828,78.16,27.58,31.87,41.27,28.97,91.47,45.14,15.2,1862.4,31.51,14.7,89.49,SYNTHETIC_DEMO
ECO-0741,8.044839,75.125293,100.0,0.0,10.16,13.11,0.0,92.06,55.37,0.0,1571.6,24.13,25.61,82.03,SYNTHETIC_DEMO
ECO-0742,11.0259,74.691643,67.64,50.68,0.0,0.0,31.72,74.24,24.31,34.99,1492.6,27.31,11.53,96.77,SYNTHETIC_DEMO
ECO-0743,31.294643,68.788282,100.0,13.33,69.47,35.13,5.12,100.0,40.36,0.0,1220.6,15.26,46.18,41.05,SYNTHETIC_DEMO
ECO-0744,8.033293,95.796944,89.54,31.69,27.3,22.33,43.03,90.73,63.03,42.25,1822.9,38.01,24.13,82.96,SYNTHETIC_DEMO
ECO-0745,21.720519,88.59049,91.65,33.34,1.76,5.79,14.17,100.0,50.07,12.43,2682.7,30.72,31.96,89.95,SYNTHETIC_DEMO
ECO-0746,21.216554,86.43125,78.55,46.78,32.07,47.68,18.26,79.72,48.11,27.78,981.1,6.79,29.58,69.01,SYNTHETIC_DEMO
ECO-0747,16.993542,89.575847,98.21,13.43,28.02,22.73,0.0,100.0,65.36,0.67,829.8,21.21,45.76,91.94,SYNTHETIC_DEMO
ECO-0748,19.64583,83.416775,100.0,9.19,77.22,56.43,7.93,78.26,71.21,11.29,1244.3,21.04,34.89,34.76,SYNTHETIC_DEMO
ECO-0749,29.075691,81.807881,77.63,16.16,18.77,12.2,9.46,80.75,52.08,21.73,2238.9,35.29,33.89,77.79,SYNTHETIC_DEMO
ECO-0750,30.7125,81.036435,100.0,6.99,19.1,10.67,0.0,100.0,76.28,3.34,1059.2,18.04,52.4,84.41,SYNTHETIC_DEMO
ECO-0751,15.029411,86.572737,86.48,20.48,25.7,7.07,16.27,95.14,56.04,13.25,1721.8,28.68,24.1,98.19,SYNTHETIC_DEMO
ECO-0752,16.707242,73.844514,71.82,42.44,11.73,35.68,36.41,87.0,52.19,33.7,1658.7,26.38,4.98,77.79,SYNTHETIC_DEMO
ECO-0753,14.547037,93.753702,59.29,50.39,52.27,25.6,31.73,67.85,42.09,27.92,1770.2,21.72,0.0,85.07,SYNTHETIC_DEMO
ECO-0754,20.956312,91.540819,100.0,8.48,83.6,60.23,5.76,100.0,49.66,0.0,2485.1,41.37,40.96,52.83,SYNTHETIC_DEMO
ECO-0755,26.447976,78.137345,79.68,47.34,0.0,25.23,35.8,65.53,53.78,36.71,1377.8,23.97,33.33,73.18,SYNTHETIC_DEMO
ECO-0756,14.162828,84.77967,68.03,48.73,21.48,16.46,38.73,65.69,15.7,58.36,1168.9,24.67,13.15,87.71,SYNTHETIC_DEMO
ECO-0757,16.929865,72.089792,95.65,58.88,8.38,13.09,37.14,64.96,40.15,26.87,701.8,19.35,15.07,96.52,SYNTHETIC_DEMO
ECO-0758,33.120385,96.198041,86.48,41.38,16.53,27.5,0.41,79.93,48.61,23.81,1727.7,27.57,14.99,92.07,SYNTHETIC_DEMO
ECO-0759,9.311371,94.183888,100.0,36.97,53.91,61.94,21.19,71.92,47.96,31.13,677.8,4.03,24.85,60.2,SYNTHETIC_DEMO
ECO-0760,20.440779,94.735028,90.25,33.11,24.39,6.39,25.02,94.93,48.17,21.72,2205.5,41.94,30.56,100.0,SYNTHETIC_DEMO
ECO-0761,27.212067,77.632728,100.0,27.58,61.41,74.71,18.74,87.16,79.42,39.66,1218.1,13.18,36.03,62.26,SYNTHETIC_DEMO
ECO-0762,12.062258,72.904907,61.9,56.87,9.49,38.87,38.25,75.82,52.53,39.42,268.4,5.72,24.99,89.47,SYNTHETIC_DEMO
ECO-0763,9.279099,74.141393,72.14,9.7,12.23,8.03,15.2,91.4,39.48,3.96,621.1,8.03,29.59,80.89,SYNTHETIC_DEMO
ECO-0764,11.731545,70.61004,87.88,26.39,27.94,27.43,13.68,77.58,43.04,22.83,1638.3,22.42,34.81,100.0,SYNTHETIC_DEMO
ECO-0765,32.808226,71.483208,100.0,13.26,0.0,12.09,17.62,100.0,42.81,23.65,2364.4,39.29,32.49,100.0,SYNTHETIC_DEMO
ECO-0766,8.250014,70.067831,79.52,46.91,28.2,47.92,47.41,94.42,63.16,58.98,859.4,14.11,12.06,61.17,SYNTHETIC_DEMO
ECO-0767,13.084693,96.704869,95.2,24.51,60.21,36.54,15.12,100.0,56.43,18.71,1050.0,18.32,25.11,81.27,SYNTHETIC_DEMO
ECO-0768,8.844655,70.147673,92.94,36.33,15.76,12.43,22.72,73.36,28.95,29.93,1022.1,11.25,13.12,100.0,SYNTHETIC_DEMO
ECO-0769,10.986996,71.84372,83.42,32.27,39.66,43.38,3.42,74.74,50.9,34.63,2360.0,34.53,29.59,93.5,SYNTHETIC_DEMO
ECO-0770,24.744031,91.990383,80.96,56.31,33.16,37.64,34.28,70.78,52.17,46.25,2556.8,34.5,14.9,82.69,SYNTHETIC_DEMO
ECO-0771,14.524251,84.826966,100.0,10.54,71.35,61.44,0.0,89.04,70.74,0.0,317.7,3.77,53.48,61.33,SYNTHETIC_DEMO
ECO-0772,23.368725,90.458099,76.29,47.16,80.95,60.53,33.75,85.35,53.56,46.41,1779.7,26.1,26.22,47.03,SYNTHETIC_DEMO
ECO-0773,23.935275,86.296448,94.26,43.31,48.93,44.39,33.45,67.82,46.99,42.58,2021.1,39.54,23.11,75.51,SYNTHETIC_DEMO
ECO-0774,30.934754,93.583077,100.0,19.43,40.36,59.43,8.67,100.0,83.04,2.81,1901.6,27.23,36.93,52.4,SYNTHETIC_DEMO
ECO-0775,8.128018,86.515558,79.45,36.74,33.4,52.22,43.44,74.25,50.13,23.97,1219.2,7.66,27.03,71.15,SYNTHETIC_DEMO
ECO-0776,31.040975,83.141628,89.42,15.82,31.14,18.58,13.74,100.0,64.46,16.87,1935.9,36.01,29.82,94.41,SYNTHETIC_DEMO
ECO-0777,24.716215,88.669741,81.65,27.44,42.56,41.95,48.26,71.43,43.49,14.25,1728.2,28.17,33.39,73.48,SYNTHETIC_DEMO
ECO-0778,12.394074,80.97439,73.91,21.05,0.0,0.0,24.23,67.19,46.32,18.38,832.5,11.83,11.04,94.03,SYNTHETIC_DEMO
ECO-0779,28.869309,78.035851,91.94,27.67,62.72,54.36,0.0,100.0,46.01,4.76,871.2,10.88,43.28,49.57,SYNTHETIC_DEMO
ECO-0780,31.098272,81.561921,98.82,18.11,53.32,69.21,0.0,83.36,54.71,8.28,1320.5,15.07,59.44,65.59,SYNTHETIC_DEMO
ECO-0781,14.865114,72.921709,95.07,19.8,31.85,9.17,1.1,100.0,42.53,23.64,508.6,17.32,34.39,100.0,SYNTHETIC_DEMO
ECO-0782,32.807429,91.10058,100.0,0.0,80.98,52.1,9.54,100.0,57.31,11.28,1469.7,22.3,51.76,60.04,SYNTHETIC_DEMO
ECO-0783,20.270351,75.56041,100.0,47.05,56.62,65.45,12.85,87.09,72.96,41.92,2188.2,24.13,40.81,54.82,SYNTHETIC_DEMO
ECO-0784,24.29246,72.452415,93.4,22.49,25.32,12.21,10.31,100.0,49.49,22.06,1978.0,31.31,44.24,95.51,SYNTHETIC_DEMO
ECO-0785,34.585537,75.144215,100.0,13.43,24.54,26.23,5.97,100.0,67.43,20.81,857.6,18.89,41.51,64.52,SYNTHETIC_DEMO
ECO-0786,17.761474,92.420034,83.45,46.81,66.24,69.56,22.22,100.0,75.31,49.58,157.0,3.14,34.89,63.22,SYNTHETIC_DEMO
ECO-0787,29.955302,77.575838,90.52,40.01,54.77,71.7,33.58,72.26,53.63,25.19,2297.1,29.95,32.06,45.74,SYNTHETIC_DEMO
ECO-0788,16.596776,87.895446,84.6,53.29,0.0,15.9,27.59,88.18,58.82,17.73,1511.3,17.71,14.55,97.46,SYNTHETIC_DEMO
ECO-0789,29.578765,92.835879,76.74,55.25,18.12,18.72,47.88,61.22,46.35,51.27,544.4,3.58,3.73,88.4,SYNTHETIC_DEMO
ECO-0790,24.219816,70.254595,97.61,19.11,42.45,56.94,10.54,100.0,62.55,16.96,2329.2,42.55,47.06,34.81,SYNTHETIC_DEMO
ECO-0791,13.841604,90.185708,81.79,44.68,11.03,11.0,44.01,69.95,51.15,42.24,1094.6,16.06,7.17,96.88,SYNTHETIC_DEMO
ECO-0792,19.178705,76.922299,100.0,0.0,40.13,28.34,0.0,100.0,76.65,0.52,716.3,2.35,44.34,74.28,SYNTHETIC_DEMO
ECO-0793,16.576162,74.282049,78.8,44.53,0.0,0.0,15.19,69.28,34.34,25.91,1912.4,30.61,16.46,100.0,SYNTHETIC_DEMO
ECO-0794,10.108927,87.978142,58.63,67.04,30.15,9.69,28.66,75.45,29.24,60.04,1429.1,22.14,10.4,100.0,SYNTHETIC_DEMO
ECO-0795,8.805539,94.384102,59.26,51.5,19.37,18.15,35.83,73.76,32.39,28.24,1048.5,13.48,8.13,99.45,SYNTHETIC_DEMO
ECO-0796,17.354924,76.555557,92.56,32.61,62.77,43.17,33.43,82.85,64.47,35.06,1854.4,22.71,24.27,75.82,SYNTHETIC_DEMO
ECO-0797,8.513922,84.49618,95.16,26.89,30.47,44.43,16.64,86.74,67.59,32.81,2530.5,32.64,33.53,77.05,SYNTHETIC_DEMO
ECO-0798,12.468169,76.405189,100.0,21.7,53.16,49.97,7.6,96.71,56.43,0.0,348.7,10.66,37.27,67.45,SYNTHETIC_DEMO
ECO-0799,27.57995,84.074282,85.35,47.92,22.24,42.15,23.82,81.52,28.58,22.44,1543.1,24.38,12.66,96.07,SYNTHETIC_DEMO
ECO-0800,27.118463,86.033999,71.17,49.23,14.58,9.21,37.02,70.38,34.89,29.74,963.0,16.84,29.11,100.0,SYNTHETIC_DEMO
ECO-0801,27.94167,85.699726,52.32,61.09,10.57,0.0,37.31,53.3,34.7,51.17,1474.9,23.35,0.0,100.0,SYNTHETIC_DEMO
ECO-0802,16.563136,86.082845,89.95,26.18,35.47,7.97,13.41,83.48,48.93,18.04,1224.6,20.01,16.78,100.0,SYNTHETIC_DEMO
ECO-0803,32.030525,71.917314,100.0,16.88,42.42,17.92,0.0,90.41,57.05,1.6,1415.7,18.89,36.52,59.47,SYNTHETIC_DEMO
ECO-0804,24.033425,88.112674,74.12,12.96,9.88,20.33,19.02,89.02,41.78,12.11,996.6,13.92,26.72,100.0,SYNTHETIC_DEMO
ECO-0805,11.402711,87.56776,100.0,18.81,12.23,13.75,15.94,92.29,63.03,30.41,2263.1,39.77,15.59,100.0,SYNTHETIC_DEMO
ECO-0806,11.880404,87.795056,84.53,41.23,7.61,5.01,11.8,95.26,54.72,12.27,888.1,20.39,36.41,97.18,SYNTHETIC_DEMO
ECO-0807,26.713577,70.148046,94.34,7.71,34.78,39.25,4.96,100.0,66.11,18.88,2492.6,31.28,29.14,54.17,SYNTHETIC_DEMO
ECO-0808,12.669486,80.958326,99.71,38.32,26.71,33.0,37.99,85.47,58.46,29.53,899.3,12.45,31.84,88.44,SYNTHETIC_DEMO
ECO-0809,21.696903,79.862019,100.0,9.77,59.05,74.22,0.58,83.98,64.8,0.91,1976.4,33.84,39.95,44.36,SYNTHETIC_DEMO
ECO-0810,34.777911,70.514633,100.0,6.61,59.23,63.81,20.0,100.0,67.57,28.76,1763.7,35.87,59.59,63.93,SYNTHETIC_DEMO
ECO-0811,8.108205,74.44867,100.0,14.86,20.67,37.09,15.61,100.0,51.4,0.0,1365.4,29.39,43.61,56.62,SYNTHETIC_DEMO
ECO-0812,8.447655,80.787916,69.37,56.07,8.96,0.0,35.72,68.16,42.9,43.07,1439.2,17.61,3.21,100.0,SYNTHETIC_DEMO
ECO-0813,34.813284,89.544283,56.09,40.25,55.1,28.97,15.87,87.84,53.93,18.01,2374.7,42.0,11.81,64.96,SYNTHETIC_DEMO
ECO-0814,23.785249,74.8748,90.57,17.76,26.76,6.71,25.71,99.04,64.52,1.4,1458.1,22.17,32.54,97.9,SYNTHETIC_DEMO
ECO-0815,11.426569,92.062747,100.0,7.24,28.55,33.83,4.86,88.24,59.94,0.0,1201.2,23.24,42.32,55.5,SYNTHETIC_DEMO
ECO-0816,32.227159,83.82815,81.89,59.47,11.07,9.39,19.03,91.15,42.07,15.34,1635.5,28.47,26.85,86.5,SYNTHETIC_DEMO
ECO-0817,31.770268,90.052229,99.73,21.06,38.36,27.16,19.49,91.89,48.66,14.58,1555.2,17.01,35.66,76.46,SYNTHETIC_DEMO
ECO-0818,22.477411,81.704124,93.02,38.6,0.0,31.14,28.96,64.86,41.16,2.53,1033.9,18.26,13.8,100.0,SYNTHETIC_DEMO
ECO-0819,24.788385,82.476633,93.12,11.19,60.13,45.85,29.35,88.17,58.48,18.63,2424.3,41.39,31.46,64.54,SYNTHETIC_DEMO
ECO-0820,15.376054,85.971862,69.31,43.41,48.66,69.01,30.3,77.69,47.82,40.57,943.4,14.05,23.26,78.98,SYNTHETIC_DEMO
ECO-0821,9.364032,94.911148,100.0,25.88,75.21,58.91,13.26,84.42,46.77,0.0,1080.4,14.97,35.41,51.81,SYNTHETIC_DEMO
ECO-0822,24.053325,82.262565,82.12,27.0,20.15,33.14,14.59,100.0,45.51,44.49,2194.8,25.06,29.96,72.84,SYNTHETIC_DEMO
ECO-0823,15.95839,83.331069,100.0,0.0,52.78,35.29,8.56,99.19,39.15,0.0,2440.3,40.02,42.25,68.58,SYNTHETIC_DEMO
ECO-0824,25.917768,85.457912,59.47,57.74,1.1,1.05,39.31,63.8,3.12,41.76,1025.9,16.43,0.42,100.0,SYNTHETIC_DEMO
ECO-0825,30.57862,89.387939,97.65,62.77,39.6,41.35,37.49,53.44,46.35,38.93,1169.7,12.93,34.96,78.63,SYNTHETIC_DEMO
ECO-0826,8.490335,70.08366,58.93,41.84,18.87,28.61,30.56,73.05,65.3,33.33,693.9,8.78,0.11,88.33,SYNTHETIC_DEMO
ECO-0827,24.084272,82.954936,82.92,27.86,28.74,31.09,16.33,86.02,67.21,34.14,1714.1,26.48,18.38,94.76,SYNTHETIC_DEMO
ECO-0828,14.244575,81.966156,97.72,2.85,35.58,15.27,0.0,84.98,43.42,33.53,1101.3,13.73,44.58,91.88,SYNTHETIC_DEMO
ECO-0829,31.594989,94.728865,78.4,44.89,79.43,73.41,39.58,99.54,60.32,45.89,1416.5,21.26,39.86,51.75,SYNTHETIC_DEMO
ECO-0830,14.848942,82.311691,92.03,45.86,52.19,39.7,41.86,71.11,35.94,46.61,1038.6,6.83,45.14,80.59,SYNTHETIC_DEMO
ECO-0831,24.490794,81.581296,100.0,2.08,29.21,32.19,2.2,95.07,45.16,26.37,2328.3,41.67,38.1,93.24,SYNTHETIC_DEMO
ECO-0832,22.945603,95.9038,93.89,35.43,30.7,46.39,22.24,98.77,47.34,23.87,1261.2,19.0,36.81,55.82,SYNTHETIC_DEMO
ECO-0833,18.696496,81.066717,87.06,35.13,13.77,22.79,22.46,100.0,53.65,37.58,1783.2,21.25,33.96,89.08,SYNTHETIC_DEMO
ECO-0834,26.295761,73.245648,75.23,55.68,47.63,37.49,32.72,81.6,46.16,45.89,724.1,0.0,27.05,93.3,SYNTHETIC_DEMO
ECO-0835,27.59578,74.290568,77.4,45.96,11.24,3.06,12.06,64.96,44.27,30.6,744.5,16.31,20.27,100.0,SYNTHETIC_DEMO
ECO-0836,23.30732,70.760439,82.29,42.99,47.72,34.49,12.15,81.43,56.03,31.05,275.4,6.92,29.94,92.72,SYNTHETIC_DEMO
ECO-0837,28.4774,68.016476,85.84,39.8,50.94,27.36,17.06,60.53,43.11,10.34,1150.7,18.31,31.01,73.04,SYNTHETIC_DEMO
ECO-0838,34.552261,80.526424,92.5,30.07,13.65,1.46,0.0,100.0,53.89,13.74,1650.0,29.07,31.74,100.0,SYNTHETIC_DEMO
ECO-0839,19.320354,90.308035,100.0,6.09,50.3,61.03,27.09,76.92,45.09,3.49,1071.5,20.38,32.14,54.5,SYNTHETIC_DEMO
ECO-0840,21.893742,89.270527,91.53,0.0,34.45,25.09,6.55,99.07,41.99,0.0,1067.4,16.98,32.73,81.24,SYNTHETIC_DEMO
ECO-0841,8.336687,68.932324,71.67,36.63,42.9,36.12,31.49,71.72,31.27,38.13,65.9,0.0,15.4,60.91,SYNTHETIC_DEMO
ECO-0842,29.492771,84.529504,78.05,24.18,39.8,34.41,0.0,92.77,60.26,6.18,1027.4,13.32,18.79,86.02,SYNTHETIC_DEMO
ECO-0843,22.046212,72.474211,100.0,28.49,53.13,39.57,0.0,87.67,54.45,17.46,925.3,15.98,22.81,75.18,SYNTHETIC_DEMO
ECO-0844,19.014959,95.291212,100.0,18.78,42.31,43.13,8.56,100.0,42.37,12.48,560.6,15.39,35.83,61.07,SYNTHETIC_DEMO
ECO-0845,10.539943,72.853585,100.0,19.82,55.87,48.88,27.03,100.0,63.96,14.26,314.7,4.21,43.09,53.1,SYNTHETIC_DEMO
ECO-0846,32.020723,86.172537,72.36,43.5,41.82,35.03,17.73,87.23,36.85,17.13,2122.4,39.22,22.03,92.45,SYNTHETIC_DEMO
ECO-0847,18.665195,77.460913,100.0,7.33,50.85,52.63,16.78,87.24,75.1,20.81,2508.7,39.5,45.78,73.14,SYNTHETIC_DEMO
ECO-0848,26.429703,86.605278,100.0,8.06,57.55,46.47,0.0,100.0,56.27,1.68,1549.2,25.14,45.8,52.89,SYNTHETIC_DEMO
ECO-0849,12.033102,79.955499,75.71,39.23,11.05,20.11,31.06,65.0,47.61,39.77,0.0,12.03,12.64,67.18,SYNTHETIC_DEMO
ECO-0850,33.96184,90.029649,99.15,24.48,8.72,20.64,25.45,100.0,68.51,6.91,3114.4,54.98,24.1,94.02,SYNTHETIC_DEMO
ECO-0851,12.817928,74.689695,83.4,27.35,52.46,25.85,12.34,100.0,45.54,15.28,2528.1,46.31,34.96,73.51,SYNTHETIC_DEMO
ECO-0852,13.387634,94.267964,82.84,1.52,40.91,4.61,10.77,94.0,52.45,29.84,1319.3,15.8,23.72,97.42,SYNTHETIC_DEMO
ECO-0853,31.192537,82.50608,76.52,66.37,34.46,26.63,46.23,81.3,52.72,49.24,412.4,17.15,12.51,100.0,SYNTHETIC_DEMO
ECO-0854,32.639734,89.926701,100.0,26.66,25.6,19.07,11.68,64.73,49.49,6.61,2004.8,29.66,32.96,94.45,SYNTHETIC_DEMO
ECO-0855,13.72798,92.642176,84.77,37.1,35.05,36.38,39.73,72.42,52.57,30.83,2704.0,39.42,17.7,95.61,SYNTHETIC_DEMO
ECO-0856,20.684624,96.96603,82.88,70.2,30.39,19.65,28.6,77.03,32.73,31.98,2496.1,26.65,9.27,100.0,SYNTHETIC_DEMO
ECO-0857,27.804362,74.494424,100.0,32.22,47.4,65.99,37.2,89.51,65.44,25.45,1752.1,27.91,29.35,83.17,SYNTHETIC_DEMO
ECO-0858,31.715875,76.31988,95.16,28.27,24.34,29.35,18.57,77.89,46.67,6.06,2036.6,25.13,28.94,96.2,SYNTHETIC_DEMO
ECO-0859,18.234423,75.26256,74.32,36.43,67.36,53.71,34.37,70.84,50.39,33.69,2637.4,41.6,26.9,87.04,SYNTHETIC_DEMO
ECO-0860,21.959526,75.623269,93.91,45.3,9.74,0.0,18.26,63.42,52.52,27.39,414.4,0.41,28.19,100.0,SYNTHETIC_DEMO
ECO-0861,28.026343,84.890898,77.84,25.18,55.27,35.28,12.77,93.26,58.83,10.64,1087.2,25.3,38.38,67.48,SYNTHETIC_DEMO
ECO-0862,27.740671,96.812153,95.56,37.18,0.0,1.36,19.03,67.09,47.79,22.96,2291.0,37.12,33.06,100.0,SYNTHETIC_DEMO
ECO-0863,29.139924,96.718065,100.0,28.76,53.6,56.45,6.69,100.0,68.18,11.51,970.8,25.96,54.44,68.22,SYNTHETIC_DEMO
ECO-0864,23.388213,83.276424,76.2,16.46,54.43,20.74,16.81,100.0,59.37,17.24,1296.2,14.33,34.21,94.95,SYNTHETIC_DEMO
ECO-0865,10.824608,86.531789,98.99,20.82,63.16,62.93,12.64,86.49,75.14,12.37,778.7,19.43,44.93,48.51,SYNTHETIC_DEMO
ECO-0866,32.407279,92.939146,100.0,21.83,25.04,30.79,0.0,100.0,57.9,0.0,1287.0,10.29,33.49,93.67,SYNTHETIC_DEMO
ECO-0867,31.370459,95.05507,92.49,45.19,25.71,37.2,0.0,88.61,56.98,7.96,521.6,8.86,39.23,50.7,SYNTHETIC_DEMO
ECO-0868,29.548631,73.911958,90.02,37.81,32.86,9.5,3.72,86.36,60.31,11.46,1741.3,22.96,18.98,90.09,SYNTHETIC_DEMO
ECO-0869,10.696287,83.32771,66.67,51.27,28.66,62.15,43.75,53.31,33.96,49.08,1349.4,18.0,2.26,78.87,SYNTHETIC_DEMO
ECO-0870,13.518729,92.152275,94.83,8.51,36.52,23.56,0.0,100.0,45.03,0.1,1734.0,23.43,51.68,79.48,SYNTHETIC_DEMO
ECO-0871,28.07721,76.79286,81.84,47.85,11.21,24.13,27.48,63.81,48.24,29.53,1337.6,15.49,11.78,99.66,SYNTHETIC_DEMO
ECO-0872,8.624783,80.754462,86.08,26.06,36.33,17.83,19.47,69.71,42.41,33.98,1588.4,17.53,27.54,84.72,SYNTHETIC_DEMO
ECO-0873,34.439065,96.583012,97.94,7.67,30.35,10.91,0.37,100.0,43.52,14.19,1983.4,27.54,28.5,100.0,SYNTHETIC_DEMO
ECO-0874,18.182906,96.566354,100.0,8.98,14.32,6.99,13.12,96.66,60.2,0.0,2600.1,39.58,40.82,100.0,SYNTHETIC_DEMO
ECO-0875,27.421438,94.277098,100.0,0.0,54.91,66.2,5.73,100.0,79.3,12.08,1191.9,23.7,57.72,70.29,SYNTHETIC_DEMO
ECO-0876,31.964419,91.155002,100.0,12.57,51.0,27.47,0.0,93.75,40.95,10.93,537.0,9.53,41.08,87.64,SYNTHETIC_DEMO
ECO-0877,18.655007,75.804785,89.74,23.26,2.98,0.0,7.91,100.0,62.68,7.55,2176.0,38.47,35.92,99.42,SYNTHETIC_DEMO
ECO-0878,16.616577,77.304652,87.44,34.69,49.9,81.64,20.18,92.29,33.71,22.36,2341.9,27.74,36.93,40.89,SYNTHETIC_DEMO
ECO-0879,24.43601,83.871202,66.05,40.54,0.0,0.0,40.01,85.13,38.25,9.9,386.8,3.64,30.71,100.0,SYNTHETIC_DEMO
ECO-0880,23.686713,84.262544,100.0,0.0,27.35,33.35,16.9,100.0,77.59,17.2,2117.1,35.31,47.23,84.37,SYNTHETIC_DEMO
ECO-0881,19.046779,82.659582,100.0,5.09,33.97,45.66,0.0,100.0,58.89,11.62,1991.0,31.58,35.32,62.75,SYNTHETIC_DEMO
ECO-0882,24.247918,86.463438,100.0,16.53,56.47,59.43,0.0,100.0,65.05,0.0,759.3,7.08,47.4,34.9,SYNTHETIC_DEMO
ECO-0883,33.255297,79.841368,75.01,39.37,56.21,45.5,7.33,87.19,59.67,17.23,1881.3,32.89,24.73,59.72,SYNTHETIC_DEMO
ECO-0884,20.626287,89.726051,65.0,22.04,30.02,19.24,31.97,99.05,33.44,0.93,1066.7,13.34,21.12,85.75,SYNTHETIC_DEMO
ECO-0885,13.312039,77.672948,100.0,24.14,67.25,65.42,29.32,67.08,55.59,23.19,374.3,1.73,25.39,58.17,SYNTHETIC_DEMO
ECO-0886,18.184562,77.589633,90.95,29.7,1.46,0.0,12.63,81.24,48.15,5.94,2304.1,37.0,31.08,81.7,SYNTHETIC_DEMO
ECO-0887,18.640889,71.689553,100.0,0.0,69.75,77.01,2.51,100.0,83.49,0.0,1612.3,24.22,38.23,52.41,SYNTHETIC_DEMO
ECO-0888,11.539935,73.472654,70.53,51.71,74.6,49.37,51.18,62.71,32.58,53.1,2053.1,28.18,0.0,51.72,SYNTHETIC_DEMO
ECO-0889,12.397531,92.665105,100.0,24.31,60.47,58.79,15.9,100.0,60.47,19.49,2270.4,31.27,44.02,64.07,SYNTHETIC_DEMO
ECO-0890,26.483176,80.942188,100.0,15.44,28.63,10.8,16.02,100.0,48.26,7.2,2981.4,39.37,30.24,89.98,SYNTHETIC_DEMO
ECO-0891,17.165899,74.608166,92.51,9.7,0.0,20.8,10.82,100.0,44.21,4.43,1135.4,15.05,24.69,89.73,SYNTHETIC_DEMO
ECO-0892,33.782257,90.020892,69.75,55.71,58.23,39.07,35.39,50.36,50.45,48.91,1950.4,34.76,0.0,88.14,SYNTHETIC_DEMO
ECO-0893,14.577112,84.065453,85.86,31.96,29.05,39.48,31.41,80.68,51.1,29.22,418.5,7.5,18.63,84.43,SYNTHETIC_DEMO
ECO-0894,10.670962,68.613524,91.48,24.13,47.89,44.16,30.8,68.27,43.03,18.21,1749.1,31.03,26.27,93.63,SYNTHETIC_DEMO
ECO-0895,28.344623,77.174482,78.88,55.7,54.13,61.64,35.8,67.36,43.99,38.31,1406.9,23.68,16.67,64.75,SYNTHETIC_DEMO
ECO-0896,31.787973,73.133041,100.0,17.16,53.66,31.97,0.0,87.24,51.74,0.57,2568.7,35.47,45.63,68.61,SYNTHETIC_DEMO
ECO-0897,15.509061,87.020313,62.62,53.13,26.97,10.65,51.05,65.89,33.8,49.12,1086.7,8.05,18.23,94.66,SYNTHETIC_DEMO
ECO-0898,13.456379,75.9759,86.56,13.18,26.53,34.21,25.8,84.79,38.43,12.12,293.7,0.0,36.35,83.69,SYNTHETIC_DEMO
ECO-0899,13.015686,69.883457,97.52,32.13,24.88,0.0,14.69,77.88,46.49,29.23,2184.9,29.42,31.88,100.0,SYNTHETIC_DEMO
ECO-0900,22.094332,69.593115,81.0,27.88,8.23,16.05,14.92,98.15,48.02,3.79,2147.3,28.47,31.7,90.7,SYNTHETIC_DEMO
ECO-0901,20.647249,84.870092,81.82,23.27,24.1,11.44,19.67,93.18,42.27,24.96,1038.5,20.48,14.96,100.0,SYNTHETIC_DEMO
ECO-0902,15.004876,68.62998,78.3,40.37,44.62,57.92,40.71,49.47,44.07,43.39,1780.7,31.56,24.45,60.6,SYNTHETIC_DEMO
ECO-0903,9.219674,92.614971,100.0,25.55,54.99,52.34,0.0,96.56,63.42,31.5,1124.5,27.93,50.55,42.8,SYNTHETIC_DEMO
ECO-0904,21.000266,72.506516,66.86,58.28,26.31,28.32,58.7,46.8,30.49,44.81,2163.4,28.63,7.93,87.86,SYNTHETIC_DEMO
ECO-0905,33.901973,85.590424,92.15,29.79,29.27,17.99,18.67,75.21,47.9,21.2,1472.6,30.08,23.96,88.8,SYNTHETIC_DEMO
ECO-0906,25.618018,80.895953,87.02,42.82,30.73,50.71,29.97,80.68,74.23,58.74,1427.3,29.37,31.75,71.86,SYNTHETIC_DEMO
ECO-0907,21.378677,80.842694,79.29,56.43,52.07,50.41,54.57,69.98,70.15,48.84,60.7,0.0,8.73,54.85,SYNTHETIC_DEMO
ECO-0908,10.988686,70.082117,91.75,0.76,62.83,38.42,0.0,100.0,51.21,1.63,585.6,11.15,35.47,55.44,SYNTHETIC_DEMO
ECO-0909,14.81578,91.279815,92.83,52.85,27.11,42.1,32.49,73.78,41.67,31.92,2173.9,38.81,16.91,86.42,SYNTHETIC_DEMO
ECO-0910,15.958897,93.898522,92.21,28.04,52.85,47.65,8.51,83.55,45.72,39.27,1250.3,18.46,36.82,54.54,SYNTHETIC_DEMO
ECO-0911,28.649696,68.319483,87.86,43.61,35.24,38.73,24.75,74.35,59.95,20.3,556.0,7.66,26.08,68.91,SYNTHETIC_DEMO
ECO-0912,31.671192,73.179521,89.74,15.45,29.58,43.47,0.0,91.53,50.65,10.24,1130.3,13.82,43.8,73.61,SYNTHETIC_DEMO
ECO-0913,32.34433,94.213221,91.26,24.95,55.05,59.14,27.46,80.72,58.08,20.72,1623.0,12.54,26.88,66.93,SYNTHETIC_DEMO
ECO-0914,34.583352,83.935315,74.06,29.18,14.38,33.8,31.66,63.88,61.51,29.8,2743.6,41.51,10.44,93.02,SYNTHETIC_DEMO
ECO-0915,34.5239,72.351148,100.0,30.02,57.34,29.83,13.2,81.02,53.16,5.99,1958.5,25.83,36.01,76.26,SYNTHETIC_DEMO
ECO-0916,33.730977,73.880923,94.04,13.07,39.45,34.49,5.31,100.0,63.62,20.43,1910.0,23.27,28.0,86.92,SYNTHETIC_DEMO
ECO-0917,9.939198,87.139601,100.0,1.9,41.96,27.32,16.16,97.84,64.74,9.41,1741.9,28.24,33.07,84.0,SYNTHETIC_DEMO
ECO-0918,11.720425,89.019688,70.22,51.33,48.21,37.76,23.01,99.22,46.89,25.48,940.1,6.85,0.81,71.12,SYNTHETIC_DEMO
ECO-0919,16.220596,85.383377,100.0,12.84,25.53,49.59,3.25,94.99,70.69,14.39,2235.1,37.56,46.54,64.82,SYNTHETIC_DEMO
ECO-0920,22.928253,95.641303,77.8,61.36,0.0,26.46,35.14,74.63,37.65,28.58,569.6,10.96,31.84,100.0,SYNTHETIC_DEMO
ECO-0921,10.618403,82.327845,77.22,54.66,8.28,23.79,20.57,48.51,49.44,46.41,1247.4,16.71,2.07,90.26,SYNTHETIC_DEMO
ECO-0922,30.836518,76.707885,98.14,0.0,45.39,55.16,7.39,100.0,57.33,9.82,577.5,8.35,55.38,63.99,SYNTHETIC_DEMO
ECO-0923,24.652417,81.839754,87.32,5.72,26.31,40.36,0.0,98.01,49.91,11.18,289.7,0.0,32.06,99.58,SYNTHETIC_DEMO
ECO-0924,22.643839,78.430323,72.02,36.15,61.1,80.02,26.62,85.31,41.94,8.99,319.2,8.54,11.44,57.13,SYNTHETIC_DEMO
ECO-0925,12.463406,74.508061,90.87,12.54,32.89,17.38,0.0,100.0,45.55,9.35,333.6,5.94,26.56,86.07,SYNTHETIC_DEMO
ECO-0926,14.837898,69.332934,79.49,27.4,24.05,42.03,38.03,79.5,45.06,28.29,2368.8,36.84,16.78,88.37,SYNTHETIC_DEMO
ECO-0927,12.328425,78.214162,67.23,37.43,40.15,46.42,17.28,71.64,19.35,26.66,1349.6,22.75,15.37,78.88,SYNTHETIC_DEMO
ECO-0928,31.002195,88.630871,85.71,15.29,54.01,47.07,6.23,68.09,47.81,23.37,2658.3,36.66,34.02,39.72,SYNTHETIC_DEMO
ECO-0929,23.774152,68.534696,68.02,34.28,18.85,0.0,18.91,83.85,38.47,1.34,1718.8,18.19,33.38,96.85,SYNTHETIC_DEMO
ECO-0930,27.848495,80.736177,80.13,29.6,51.39,71.77,23.25,72.82,58.88,33.3,1848.3,32.51,16.3,65.12,SYNTHETIC_DEMO
ECO-0931,15.992887,86.676273,98.86,34.12,52.54,39.36,5.93,83.88,59.42,11.02,845.2,16.12,26.81,87.09,SYNTHETIC_DEMO
ECO-0932,18.023821,85.701719,100.0,3.11,41.85,38.38,12.53,100.0,53.78,7.33,1340.9,17.44,32.47,62.07,SYNTHETIC_DEMO
ECO-0933,18.931084,90.522805,89.55,28.4,56.27,36.06,1.36,81.27,47.28,24.29,930.7,16.01,17.59,77.69,SYNTHETIC_DEMO
ECO-0934,28.520404,91.505072,55.42,51.5,0.0,0.0,27.19,63.33,30.87,50.1,2700.7,46.8,3.06,100.0,SYNTHETIC_DEMO
ECO-0935,28.853531,88.639469,67.91,38.28,42.07,32.89,22.4,59.58,54.68,21.84,2731.8,46.67,17.9,82.06,SYNTHETIC_DEMO
ECO-0936,13.583965,70.981133,75.01,34.79,20.38,12.13,28.28,91.67,40.66,37.63,447.1,3.88,6.26,77.29,SYNTHETIC_DEMO
ECO-0937,33.421549,81.775651,93.56,34.16,23.41,30.79,25.18,87.93,46.0,26.11,2219.4,25.85,31.6,98.35,SYNTHETIC_DEMO
ECO-0938,11.257694,85.498773,100.0,13.66,55.68,52.94,14.03,100.0,50.21,1.25,2047.4,24.12,33.38,63.45,SYNTHETIC_DEMO
ECO-0939,32.195296,75.121415,100.0,24.95,33.83,38.66,7.03,100.0,45.16,0.0,1665.6,23.42,37.67,87.21,SYNTHETIC_DEMO
ECO-0940,10.710682,69.234003,100.0,21.2,0.0,9.22,0.0,100.0,59.0,0.0,692.7,17.7,46.33,81.09,SYNTHETIC_DEMO
ECO-0941,15.142575,74.484119,54.62,63.16,0.0,0.0,45.25,50.83,31.66,48.97,1283.0,15.6,4.18,100.0,SYNTHETIC_DEMO
ECO-0942,30.85492,81.191938,95.06,18.97,34.18,18.5,23.23,99.33,68.25,5.01,2565.8,35.51,33.03,98.22,SYNTHETIC_DEMO
ECO-0943,12.846286,80.003979,68.01,56.91,28.07,18.85,45.66,73.62,51.41,51.44,796.9,8.87,6.14,100.0,SYNTHETIC_DEMO
ECO-0944,19.166334,73.123342,100.0,20.93,67.46,52.87,10.53,99.26,84.83,1.53,1673.4,22.44,41.29,57.24,SYNTHETIC_DEMO
ECO-0945,20.146201,91.908051,100.0,27.59,17.62,29.38,0.0,91.6,53.52,2.34,324.9,4.82,36.5,70.61,SYNTHETIC_DEMO
ECO-0946,14.621992,94.844913,83.28,10.46,43.21,45.93,11.89,95.14,55.58,20.85,2415.8,29.84,37.72,73.01,SYNTHETIC_DEMO
ECO-0947,27.17662,73.839101,88.87,17.39,14.31,11.24,32.36,99.26,41.09,10.97,444.0,12.08,26.97,95.81,SYNTHETIC_DEMO
ECO-0948,30.986036,94.957615,82.01,46.81,7.62,0.37,16.47,68.81,49.02,34.49,862.5,12.21,15.84,100.0,SYNTHETIC_DEMO
ECO-0949,31.613529,68.517968,64.55,55.36,40.88,60.35,27.36,46.82,40.13,52.27,1501.5,34.92,6.04,75.49,SYNTHETIC_DEMO
ECO-0950,17.161698,94.823912,64.46,50.64,38.75,21.24,45.39,71.62,47.07,42.99,2189.0,26.97,3.61,100.0,SYNTHETIC_DEMO
ECO-0951,22.332961,95.605935,97.07,22.52,60.86,28.82,1.5,95.12,45.67,7.58,2403.7,44.0,42.95,75.69,SYNTHETIC_DEMO
ECO-0952,14.706973,68.349504,85.88,49.77,65.51,73.83,17.48,75.78,57.31,35.74,90.6,8.32,35.65,63.8,SYNTHETIC_DEMO
ECO-0953,14.609506,90.12756,97.01,17.55,65.05,55.83,20.91,100.0,65.75,0.0,897.2,11.4,45.91,64.6,SYNTHETIC_DEMO
ECO-0954,12.35386,96.135846,83.72,58.16,28.22,39.55,39.02,48.38,43.98,46.31,1628.0,22.45,33.59,75.21,SYNTHETIC_DEMO
ECO-0955,33.380513,94.271164,87.33,26.91,27.51,0.0,16.21,86.24,41.56,24.75,1362.8,15.84,25.3,100.0,SYNTHETIC_DEMO
ECO-0956,31.975698,96.150595,100.0,24.75,43.15,37.84,0.32,100.0,72.83,22.43,366.6,0.95,35.31,57.42,SYNTHETIC_DEMO
ECO-0957,28.988685,83.959382,100.0,3.1,64.3,57.68,25.97,100.0,85.39,16.23,3034.0,45.51,36.94,31.89,SYNTHETIC_DEMO
ECO-0958,21.976861,70.266528,100.0,0.0,72.47,64.78,0.17,100.0,53.37,0.0,667.2,10.11,60.48,57.98,SYNTHETIC_DEMO
ECO-0959,21.246414,92.643887,83.21,19.04,6.85,5.91,25.17,77.39,52.28,24.02,1081.7,8.21,31.92,89.7,SYNTHETIC_DEMO
ECO-0960,22.303133,85.801019,68.03,62.34,26.38,20.76,45.72,78.44,15.72,40.49,610.9,20.63,25.86,100.0,SYNTHETIC_DEMO
ECO-0961,22.487336,85.827366,95.95,50.39,3.65,27.68,23.3,77.83,57.18,37.86,1871.6,26.78,39.71,100.0,SYNTHETIC_DEMO
ECO-0962,19.733203,80.100355,64.76,73.33,21.13,9.01,34.1,50.8,14.03,40.8,2315.8,35.06,0.0,100.0,SYNTHETIC_DEMO
ECO-0963,11.55738,84.583417,97.99,9.51,49.43,56.13,18.29,97.39,55.41,11.39,1237.6,15.43,32.43,72.14,SYNTHETIC_DEMO
ECO-0964,11.392924,72.453814,83.59,56.45,34.41,17.96,37.81,84.02,35.71,25.59,1654.0,23.48,0.0,84.61,SYNTHETIC_DEMO
ECO-0965,33.710742,89.453331,83.09,20.83,25.71,23.51,0.0,100.0,52.07,26.76,2553.2,36.51,36.46,68.3,SYNTHETIC_DEMO
ECO-0966,21.014831,70.175502,68.1,36.42,8.36,1.79,29.29,77.5,49.57,46.28,2384.8,35.76,19.58,100.0,SYNTHETIC_DEMO
ECO-0967,33.736549,89.163642,86.73,10.81,22.13,33.42,11.99,100.0,38.09,23.36,1226.6,18.33,32.2,62.42,SYNTHETIC_DEMO
ECO-0968,12.416576,92.620374,87.38,31.48,25.77,17.27,1.48,78.05,43.25,26.97,1289.4,23.37,17.48,100.0,SYNTHETIC_DEMO
ECO-0969,22.969247,81.701592,95.06,30.35,19.68,25.78,23.44,73.26,44.93,11.08,2521.9,38.96,27.56,91.54,SYNTHETIC_DEMO
ECO-0970,13.608366,82.785081,100.0,12.56,10.93,14.01,0.0,81.11,66.58,0.0,163.4,5.97,34.96,94.1,SYNTHETIC_DEMO
ECO-0971,14.835984,77.054214,100.0,34.17,62.55,58.63,11.76,79.91,62.83,17.31,288.0,4.27,46.19,59.0,SYNTHETIC_DEMO
ECO-0972,8.811474,96.114299,65.88,50.36,13.65,16.18,19.91,92.38,33.86,29.43,586.8,9.96,14.4,100.0,SYNTHETIC_DEMO
ECO-0973,11.211739,89.26061,99.9,20.25,19.56,30.26,0.0,100.0,55.48,3.15,2225.3,32.17,45.54,71.19,SYNTHETIC_DEMO
ECO-0974,32.754907,78.700668,69.44,51.66,9.74,20.1,36.44,67.41,55.11,26.27,529.9,12.96,7.65,100.0,SYNTHETIC_DEMO
ECO-0975,16.681391,73.069414,75.02,34.11,19.07,6.4,11.29,78.36,50.17,33.44,1002.1,16.64,26.74,100.0,SYNTHETIC_DEMO
ECO-0976,24.419489,74.367808,68.48,48.47,9.4,25.79,49.14,67.75,30.29,61.69,2042.8,29.85,15.67,100.0,SYNTHETIC_DEMO
ECO-0977,20.555382,81.453746,79.35,48.41,4.05,0.0,30.92,83.24,42.69,43.6,753.9,10.37,6.02,100.0,SYNTHETIC_DEMO
ECO-0978,18.812184,95.334484,70.9,56.53,13.21,0.0,47.16,59.51,34.62,46.33,1075.1,15.58,23.82,100.0,SYNTHETIC_DEMO
ECO-0979,22.360924,89.290244,83.49,43.82,30.94,28.69,25.94,70.4,41.55,34.8,1387.4,20.96,32.1,63.37,SYNTHETIC_DEMO
ECO-0980,13.055452,74.242069,93.96,63.04,27.99,32.69,26.05,84.37,38.22,30.48,863.0,12.66,28.88,81.72,SYNTHETIC_DEMO
ECO-0981,34.692305,92.927273,75.48,46.98,8.67,0.0,42.74,69.48,33.81,31.68,2894.8,40.63,17.7,100.0,SYNTHETIC_DEMO
ECO-0982,30.094312,78.967815,100.0,17.62,45.61,35.92,3.96,89.99,70.3,32.78,552.3,12.11,49.32,71.63,SYNTHETIC_DEMO
ECO-0983,28.023595,92.699943,100.0,15.79,31.27,39.31,1.7,100.0,57.0,0.72,2596.7,43.09,28.66,79.26,SYNTHETIC_DEMO
ECO-0984,20.656501,75.009288,65.76,51.62,13.5,12.06,33.55,82.13,42.39,24.73,1064.8,24.89,24.33,95.95,SYNTHETIC_DEMO
ECO-0985,12.127682,85.941158,93.77,25.58,15.08,21.84,0.0,100.0,58.57,13.73,484.8,4.25,33.26,75.07,SYNTHETIC_DEMO
ECO-0986,32.857978,94.873444,83.45,30.84,23.19,1.05,18.04,98.26,73.24,24.09,636.3,12.88,34.22,100.0,SYNTHETIC_DEMO
ECO-0987,17.217451,75.478926,93.43,11.04,21.49,28.59,8.94,100.0,55.65,0.0,1324.4,10.32,35.75,77.95,SYNTHETIC_DEMO
ECO-0988,9.352881,88.094871,86.48,31.04,22.31,25.57,33.93,100.0,67.23,24.43,970.8,18.71,16.35,91.25,SYNTHETIC_DEMO
ECO-0989,17.244899,96.632066,100.0,12.72,68.93,57.25,14.51,100.0,58.92,3.57,621.6,2.04,42.68,28.11,SYNTHETIC_DEMO
ECO-0990,29.45034,72.36735,100.0,43.95,49.23,73.59,34.36,82.12,57.0,30.27,2823.6,37.43,45.91,57.22,SYNTHETIC_DEMO
ECO-0991,24.813136,70.563666,91.04,43.22,48.47,64.37,27.92,88.79,59.32,46.86,1448.8,23.39,29.06,58.42,SYNTHETIC_DEMO
ECO-0992,28.272642,87.551661,71.13,50.5,9.64,44.29,24.47,64.64,33.66,28.51,2506.2,34.49,9.83,83.66,SYNTHETIC_DEMO
ECO-0993,29.428155,77.852342,68.41,25.08,0.0,1.03,36.67,79.67,39.77,28.78,1040.9,11.82,13.94,100.0,SYNTHETIC_DEMO
ECO-0994,13.722774,70.06609,85.22,31.59,40.21,29.81,6.16,86.32,59.32,23.9,626.3,6.97,28.84,89.64,SYNTHETIC_DEMO
ECO-0995,32.94215,81.783863,82.49,34.48,9.84,24.6,8.07,93.68,43.1,46.99,2010.6,33.81,35.18,100.0,SYNTHETIC_DEMO
ECO-0996,19.825719,89.85935,83.2,34.59,11.71,0.0,24.72,90.65,48.14,25.81,1171.9,12.91,2.75,100.0,SYNTHETIC_DEMO
ECO-0997,25.253369,76.26855,96.76,55.55,0.0,0.25,39.66,79.23,56.0,31.19,1041.9,15.36,44.6,100.0,SYNTHETIC_DEMO
ECO-0998,8.062337,77.716359,100.0,14.05,44.21,37.6,9.25,86.06,47.11,15.54,398.9,4.09,39.23,81.14,SYNTHETIC_DEMO
ECO-0999,34.820949,92.525283,75.47,55.99,8.27,27.09,47.95,62.9,52.09,42.99,578.6,12.78,16.57,91.29,SYNTHETIC_DEMO
ECO-1000,15.584202,83.082085,90.06,6.18,20.31,1.45,0.0,100.0,55.05,0.0,1723.1,30.09,28.78,88.53,SYNTHETIC_DEMO
